연번,브랜드명,사업장명,사업자등록번호,대표자명,업종(중분류),업종(소분류),주소,직원수,임금(월),소재지,수평적 조직문화,순이익증가율,총자산순이익율,부채비율,총자본회전율,워라밸,자아실현,육아휴직,"사내 육아 
시설/서비스","근무안정성
(위험도)","사내 장애인
시설/서비스","근무안정성
(위험도)",수평적 조직 문화
2022-15091,가족친화인증기업,주식회사 티움피엠씨,2898800386,이찬희,L.부동산업(68),부동산 임대 및 공급업,서울특별시 강남구 삼성로 5708층 (석천빌딩),10,2500000,서울특별시,3,NA,-48.8,NA,0.2,4,4,1,0,,1,0,3
2022-00201,신청기업,효성청과주식회사,5048113350,김형수,G.도매 및 소매업(45~47),상품 중개업,대구 북구 매천로18길 34(매천동),37,2537583.333,대구광역시,3,-20.5,3.3,96.5,0.7,3,3,1,0,,0,0,3
2022-12136,메인비즈기업,황남빵,5050394362,최상은,I.숙박 및 음식점업(55~56),음식점업,경상북도 경주시 태종로 783,27,NA,경상북도,3,-75.1,2.7,205.5,0.5,2,2,0,0,,0,0,3
2022-14411,사회적기업,협동조합 꿈꾸는 문화놀이터 뜻,1318647701,정윤호,"R.예술, 스포츠 및 여가관련 서비스업(90~91)",창작 및 예술관련 서비스업,인천광역시 남동구 인주대로888번길 36(만수동) 3층 301호,3,2500000,인천광역시,1,339.2,19.1,138,1.9,1,3,1,1,,1,0,1
2022-05639,이노비즈기업,현빈개발(주),2148723087,권재훈,"S.협회 및 단체, 수리 및 기타 개인 서비스업(94~96)",개인 및 가정용품 수리업,"서울 서초구 논현로 79710호 (양재동, 윈드스톤호피스텔빌딩)",21,2500000,서울특별시,2,11.6,5.1,81.8,1.9,2,2.3,1,0,,1,0,2
2022-11022,메인비즈기업,합자회사 보령환경,3138101700,"문영숙,최대윤","E.수도, 하수 및 폐기물 처리, 원료 재생업(36~39)","폐기물 수집, 운반업",충남 보령시 신설3길 26-3(동대동),29,2500000,충청남도,3,74,8.6,61.1,0.6,3,2,1,0,,0,0,3
2022-13390,메인비즈기업,합자회사 건우개발,5118112266,신윤교,B.광업(05~08),토사석 광업,경북 문경시 산북면 운달로 388건우개발,17,2500000,경상북도,NA,NA,3.7,51,0.6,NA,NA,0,0,,0,0,NA
2022-02642,이노비즈기업,한성에스앤아이(주),6208115005,정우영,"N.사업시설 관리, 사업 지원 및 임대 서비스업(74~76)",기타 사업지원 서비스업,"경남 창원시 마산회원구 봉암북7길 212동 301호(봉암동, 경상남도지능형홈산업화센터)",236,1750000,경상남도,2.4,NA,17.8,113.4,1.1,2.3,1.8,1,1,,1,0,2.4
2022-16507,안전보건경영시스템 인증,한산기전(주)삼천포사업소,6138149680,조현수,"D.전기, 가스, 증기 및 공기 조절 공급업(35)",전기업,"경상남도 사천시 삼천포대교로 5031310호 (동림동, 현대주택)",36,3600000,경상남도,4,420,11.7,28.8,2.4,5,1,1,1,,1,0,4
2022-03795,이노비즈기업,한산 시피에스(주),1078166020,"이기웅, 김용강",F.건설업(41~42),건설업본사(소분류),"경기 광명시 하안로 60비동 809, 810호 (소하동, 광명테크노파크)",23,3366666.667,경기도,NA,85.3,5.3,29.3,1.7,NA,NA,1,1,,1,0,NA
2022-00767,신청기업,한맥개발㈜,5128110354,임기주,"R.예술, 스포츠 및 여가관련 서비스업(90~91)",스포츠 서비스업,경북 예천군 호명면 한맥골프장길 72(골프장-클럽하우스),50,2541666.667,경상북도,2.5,120.7,4.9,98.7,0.2,2.3,2.5,1,0,,1,0,2.5
2022-00172,신청기업,한국후꼬꾸(주),1348105893,권익준,C.제조업(10~34),자동차 신품 부품 제조업,경기 안산시 단원구 동산로 63401호 (원시동),352,3096666.667,경기도,3,-90.4,0.4,55.6,1.2,2,3,0,0,,1,0,3
2022-00800,대한민국 일자리 으뜸기업,한국항공서비스 주식회사,3408601051,조연기,"S.협회 및 단체, 수리 및 기타 개인 서비스업(94~96)",산업용 기계 및 장비 수리업,경남 사천시 사천읍 항공로 64,227,3437500,경상남도,2.4,NA,-5.4,11.4,0.1,2.9,2.8,1,1,,0,0,2.4
2022-16542,안전보건경영시스템 인증,한국파워엔지니어링서비스주식회사,1278646080,이원조,"D.전기, 가스, 증기 및 공기 조절 공급업(35)",전기업,서울 강남구 테헤란로55길 27(역삼동) 예림빌딩 4층,66,2333333.333,서울특별시,3.1,-12,7.1,30.7,0.4,3.5,2.3,0,0,,0,0,3.1
2022-14744,가족친화인증기업,한국지방재정공제회,1058202707,김동현,K.금융 및 보험업(64~66),연금 및 공제업,서울 마포구 마포대로 136(공덕동),71,3521666.667,서울특별시,3.4,102.3,2.1,1.2,NA,4,3.6,0,0,,1,0,3.4
2022-05631,이노비즈기업,한국조명재활용공사(주),1248181477,"김용출, 조경희(각자대표)","E.수도, 하수 및 폐기물 처리, 원료 재생업(36~39)","해체, 선별 및 원료 재생업",경기 화성시 양감면 초록로693번길 58-6(한국조명재활용공사(주)),30,2726666.667,경기도,NA,NA,-1,258,0.3,NA,NA,1,0,,1,0,NA
2022-07007,이노비즈기업,한국산전주식회사,6218151611,이현곤,F.건설업(41~42),건설업본사(소분류),부산 금정구 개좌로 198-1(회동동),43,2183333.333,부산광역시,2,-22.1,20.2,1.9,1.3,2.6,2.1,0,0,,0,0,2
2022-14795,가족친화인증기업,구리도시공사,1328211436,김재남,L.부동산업(68),부동산 임대 및 공급업,경기도 구리시 벌말로 145,20,3938333.333,경기도,2.6,NA,0.9,6.5,0.2,2.2,2.2,1,1,,0,0,2.6
2022-02098,이노비즈기업,한경기획,6218186842,한경민,I.숙박 및 음식점업(55~56),음식점업,"서울 마포구 대흥로 60, 3층 (대흥동, 스카이빌딩)",34,2303333.333,서울특별시,2.4,-67.3,2.8,286.6,0.9,2.5,2.3,1,0,,0,0,2.4
2022-03427,이노비즈기업,한경건설(주),1248749862,홍진호,F.건설업(41~42),건설업본사(소분류),서울특별시 금천구 가산디지털1로 841308호,29,3684166.667,서울특별시,NA,65.6,6.7,109.8,3.3,NA,NA,0,0,,0,0,NA
2022-00240,신청기업,하트썸코리아(주),2208727190,서창범,"M.전문, 과학 및 기술 서비스업(70~73)","그 외 기타 전문, 과학 및 기술 서비스업",서울 강남구 언주로30길 13대림아크로텔 씨 2109 (도곡동),17,5170833.333,서울특별시,3,-21.8,0.4,50.7,0.8,3.5,2,0,0,,1,0,3
2022-00203,신청기업,하이드로텍(주),5148149836,감병우,C.제조업(10~34),일반 목적용 기계 제조업,대구 달서구 성서로68길 3(갈산동),43,2685000,대구광역시,3.3,150.2,10.8,130.1,1.4,3.3,3.2,1,1,,0,0,3.3
2022-05629,이노비즈기업,하나케이(주),1268141511,원용한,"E.수도, 하수 및 폐기물 처리, 원료 재생업(36~39)",폐기물 처리업,경기 이천시 대월면 양녕로 57,67,3458333.333,경기도,2,-26.5,8.2,39.5,1,1.7,2,0,0,,0,0,2
2022-15060,가족친화인증기업,프라임에셋(주),3148605946,이용진,K.금융 및 보험업(64~66),보험 및 연금관련 서비스업,"서울 광진구 아차산로 5632층 (광장동, 대한제지(주)사옥)",106,3747500,서울특별시,2.8,-26.4,6.2,130.5,3.3,3.3,2.8,1,0,,1,0,2.8
2022-00064,신청기업,티앤티 주식회사,4558700031,우태원,G.도매 및 소매업(45~47),"건축자재, 철물 및 난방장치 도매업",충청북도 음성군 삼성면 덕정로144번길 93-1(삼성면),14,3607500,충청북도,NA,27.4,16.7,51.6,1.6,NA,NA,1,0,,0,0,NA
2022-03788,이노비즈기업,티앤제이건설 주식회사,6168121003,"고태유,김지혜",F.건설업(41~42),건설업본사(소분류),전라북도 완주군 봉동읍(봉동읍) 낙평리383번지 1호,29,2809166.667,전라북도,4.6,-26.1,4.7,49.8,1,4,4.2,0,0,,0,0,4.6
2022-14742,가족친화인증기업,평택도시공사,1258173344,김재수,L.부동산업(68),부동산 임대 및 공급업,경기도 평택시 도일유통길 25(도일동),41,3165833.333,경기도,3.2,-23.1,0.7,182,0.1,3.4,3.3,0,0,,1,0,3.2
2022-00044,신청기업,태림전자주식회사,1238114280,우상현,C.제조업(10~34),통신 및 방송 장비 제조업,경기 안양시 만안구 전파로 44(안양동),51,2416666.667,경기도,3,-29.7,11.2,16.5,1.6,3,3,0,0,,1,0,3
2022-00098,신청기업,태림인더스트리(주),4128112940,임은태,C.제조업(10~34),그 외 기타 제품 제조업,전라남도 나주시 남평읍 동촌로 19(남평읍),43,3462500,전라남도,3.4,243.6,26.9,32.5,1.1,3.2,3.2,1,1,,0,0,3.4
2022-08663,이노비즈기업,탄용환경개발 주식회사,3038129341,신동협,"E.수도, 하수 및 폐기물 처리, 원료 재생업(36~39)",폐기물 처리업,충북 충주시 대소원면 창현로 911(탄용환경),34,3070000,충청북도,NA,3,13.7,22.9,0.5,NA,NA,1,1,,1,0,NA
2022-00464,신청기업,큐익스프레스(주),1098619926,김영선,H.운수 및 창고업(49~52),기타 운송관련 서비스업,"서울특별시 강서구 강서로 463(마곡동, 새싹타워) 7층",80,3034166.667,서울특별시,2.4,NA,-30.3,24130.9,4.2,2.6,2,0,0,,1,0,2.4
2022-04167,이노비즈기업,켐가스코리아(주),3038143270,장영상,"D.전기, 가스, 증기 및 공기 조절 공급업(35)",연료용 가스 제조 및 배관공급업,충북 음성군 원남면 원남산단로 226켐가스코리아(주),18,4310000,충청북도,3.3,7.7,8.4,52.4,2.2,3.7,2.3,0,0,,1,0,3.3
2022-00694,신청기업,케이티아이시시(주),1068602969,강두성,"S.협회 및 단체, 수리 및 기타 개인 서비스업(94~96)",산업용 기계 및 장비 수리업,서울 구로구 디지털로33길 27708호 (구로동),58,3505833.333,서울특별시,2,-68,10.2,20.6,0.7,2,2.3,0,0,,1,0,2
2022-00013,신청기업,케이에이치필룩스 주식회사,1278107398,한우근,C.제조업(10~34),전자부품 제조업,경기 양주시 광적면 광적로 235-48,144,2416666.667,경기도,2.1,NA,-2.3,23.4,0.2,2.7,2.3,1,0,,0,0,2.1
2022-06119,이노비즈기업,케이씨바이오자원 주식회사,4038146198,김상철,"E.수도, 하수 및 폐기물 처리, 원료 재생업(36~39)",폐기물 처리업,전북 익산시 하나로 48-26(금강동),17,2921666.667,전라북도,NA,NA,-6.6,620.5,0.5,NA,NA,0,0,,1,0,NA
2022-00101,신청기업,카리스,1268671117,박우섭,G.도매 및 소매업(45~47),생활용품 도매업,경기도 성남시 분당구 황새울로335번길 57층 (서현동 앤타운빌딩 ),99,2250000,경기도,2.3,25.9,49.7,55.4,1.8,2.3,2.7,1,1,,0,0,2.3
2022-14807,가족친화인증기업,충주시시설관리공단,8938200072,김원식,"R.예술, 스포츠 및 여가관련 서비스업(90~91)",스포츠 서비스업,충청북도 충주시 탄금대로 117(충주시시설관리공단),NA,2272500,충청북도,2.7,NA,NA,150.4,41.1,3.7,2,0,0,,0,0,2.7
2022-14806,가족친화인증기업,충북신용보증재단,3018210751,김교선,K.금융 및 보험업(64~66),보험업,충북 청주시 흥덕구 풍산로 50충북중소기업종합지원센터5층 (가경동),69,3986666.667,충청북도,1.9,NA,-3.7,31.9,NA,1.8,2.1,1,1,,0,0,1.9
2022-06985,이노비즈기업,청해이엔브이주식회사,1418109617,이병관,F.건설업(41~42),건설업본사(소분류),"경기 파주시 가나무로 1431동 308호 (금릉동, 파주메트로프라자)",72,2818333.333,경기도,4,NA,-8.3,22.4,2.6,4,3,1,0,,1,0,4
2022-07022,이노비즈기업,(유)한성산기,4018134740,백대준,C.제조업(10~34),일반 목적용 기계 제조업,전북 군산시 옥구읍 광월안길 26,39,2924166.667,전라북도,NA,-40.5,2.3,211,1.7,NA,NA,1,0,,0,0,NA
2022-09917,메인비즈기업,청수기술환경(주),3178107064,남기양,"E.수도, 하수 및 폐기물 처리, 원료 재생업(36~39)","하수, 폐수 및 분뇨 처리업",충청북도 청주시 청원구 오창읍 중신길 11(오창읍) 3층,11,3218333.333,충청북도,NA,239.2,8.2,49.9,1.9,NA,NA,1,1,,1,0,NA
2022-04682,이노비즈기업,청록엔지니어링(주),1418110865,김종훈,"E.수도, 하수 및 폐기물 처리, 원료 재생업(36~39)","하수, 폐수 및 분뇨 처리업",경기 파주시 탄현면 평화로 5691동 5호,55,2676666.667,경기도,3,16.1,25.5,38.2,2.7,3.4,3.4,0,0,,0,0,3
2022-14738,가족친화인증기업,청도공영사업공사,5158206521,우군택,"R.예술, 스포츠 및 여가관련 서비스업(90~91)",스포츠 서비스업,경북 청도군 화양읍 삼신리202번지,32,4570000,경상북도,NA,NA,-12.2,92.3,5.1,NA,NA,1,1,,0,0,NA
2022-07018,이노비즈기업,화신주방산업(주),1268183938,"이승구, 이재천",C.제조업(10~34),가정용 기기 제조업,경기 광주시 고불로229번길 32(태전동),46,2680833.333,경기도,NA,-13.5,16,8.6,1.6,NA,NA,0,0,,0,0,NA
2022-07955,이노비즈기업,진우산전(주),1058153698,정진태,F.건설업(41~42),건설업본사(소분류),서울특별시 강남구 도산대로 149-0(신사동) 7층,311,2986666.667,서울특별시,2.2,42.9,13.6,47.2,1.7,2.5,2,0,0,,0,0,2.2
2022-00137,신청기업,지푸드,1230499779,정재천,C.제조업(10~34),"도축, 육류 가공 및 저장 처리업",경기 평택시 청북읍 청오로 405-15,62,2152500,경기도,NA,-1.9,18.2,343.3,2.1,NA,NA,0,0,,1,0,NA
2022-00448,신청기업,지평건설(주),3018168163,송성섭,F.건설업(41~42),건설업본사(소분류),충북 청주시 상당구 대성로180번길 105(수동),34,4552500,충청북도,3,687,13.4,66.8,1,2.5,2.5,0,0,,1,0,3
2022-00783,대한민국 일자리 으뜸기업,지역난방플러스(주),5068601326,유영근,"N.사업시설 관리, 사업 지원 및 임대 서비스업(74~76)",건물ㆍ산업설비 청소 및 방제 서비스업,경기 용인시 기흥구 동백중앙로16번길 282층 (중동),365,3420000,경기도,3,NA,9.3,333.7,4.7,2.9,2.1,1,1,,0,0,3
2022-05127,이노비즈기업,지엘기술 주식회사,4168154035,윤홍구,F.건설업(41~42),건설업본사(소분류),경기도 의왕시 양지편2로 11(청계동) 4층 401호,13,3381666.667,경기도,2,642.8,10.5,24.1,0.9,2,2.6,1,1,,1,0,2
2022-06107,이노비즈기업,주흥환경(주),1358129393,이길재,"E.수도, 하수 및 폐기물 처리, 원료 재생업(36~39)","하수, 폐수 및 분뇨 처리업","경기도 화성시 병점동로164번길 39(진안동, 광림빌딩) 201호",53,2962500,경기도,2,-39.4,2.4,65.8,1.1,2.4,2.1,1,1,,1,0,2
2022-14262,사회적기업,㈜천안돌봄사회서비스센터,3128611078,정경록,Q.보건업 및 사회복지 서비스업(86~87),거주 복지시설 운영업,"충남 천안시 서북구 성정두정로 12305호 (성정동, 두정메트로존)",307,NA,충청남도,NA,153.3,8.7,46.5,2.6,NA,NA,0,0,,0,0,NA
2022-00140,신청기업,㈜제이앤에스,2128162383,김영재,C.제조업(10~34),전자부품 제조업,"경기 용인시 기흥구 흥덕중앙로 1201006호 (영덕동, U - TOWER)",52,3315833.333,경기도,2,-20,3.1,42.7,1.3,2.4,2.6,1,1,,0,0,2
2022-14264,사회적기업,㈜작은자리돌봄센터,1408139234,안민희,Q.보건업 및 사회복지 서비스업(86~87),비거주 복지시설 운영업,경기 시흥시 대은로 16-101층 (은행동),280,2500000,경기도,NA,-50.4,8,100.7,5,NA,NA,0,0,,0,0,NA
2022-00208,신청기업,㈜유브레인커뮤니케이션즈,1148667361,이성용,"M.전문, 과학 및 기술 서비스업(70~73)",광고업,서울 마포구 창전로 906층 (신수동),47,2270250,서울특별시,4,532.4,39,76.9,3.8,1,5,0,0,,1,0,4
2022-00270,신청기업,㈜에이치에스코프레이션,6088178029,정대철,C.제조업(10~34),전자부품 제조업,경남 창원시 마산회원구 내서읍 광려천남로 59마산벨리 507호 (경남개발공사 아파트형공장),22,2500000,경상남도,4,-11,7.6,150.7,1.1,4,4,0,0,,1,0,4
2022-01046,인재육성형중소기업,㈜아스트로캠프,1288719512,김승현,P.교육 서비스업(85),교육지원 서비스업,경기도 고양시 일산동구 중산로 306-174(성석동),15,2166666.667,경기도,NA,-15.9,8.7,186.5,0.8,NA,NA,0,0,,1,0,NA
2022-02613,이노비즈기업,주식회사한얼종합건설,1348659282,김상수,F.건설업(41~42),건설업본사(소분류),"경기 안산시 단원구 광덕4로 144A동 503호(고잔동, 트윈타운)",52,2500000,경기도,2,52.3,15,71.1,5.5,2,3,0,0,,1,0,2
2022-02611,이노비즈기업,주식회사한민,3128639659,김재찬,"E.수도, 하수 및 폐기물 처리, 원료 재생업(36~39)","해체, 선별 및 원료 재생업",충남 아산시 둔포면 해위안길 82-10,14,3140833.333,충청남도,NA,190.8,11.4,281.7,1.6,NA,NA,1,1,,0,0,NA
2022-00249,신청기업,주식회사포웰,5068156603,은종순,"M.전문, 과학 및 기술 서비스업(70~73)",회사 본부 및 경영 컨설팅 서비스업,경상북도 포항시 남구 오천읍 하원로 29(오천읍),191,2516666.667,경상북도,3.7,0.1,1,488.1,2.4,3.7,3.3,1,1,,0,0,3.7
2022-07395,이노비즈기업,주식회사제이에이치,2218127357,양치호,F.건설업(41~42),건설업본사(소분류),강원 춘천시 퇴계농공로 112(주)제이에이치,29,NA,강원도,NA,NA,0.3,19.3,1.1,NA,NA,1,1,,1,0,NA
2022-03765,이노비즈기업,주식회사유진씨엔이,2048159140,"이광철,이성영",F.건설업(41~42),건설업본사(소분류),서울특별시 동대문구 홍릉로 48-1(청량리동) 4층,40,2500000,서울특별시,NA,-13,5,105.3,0.8,NA,NA,0,0,,1,0,NA
2022-07015,이노비즈기업,호산엔지니어링(주),1388107118,정원규,C.제조업(10~34),특수 목적용 기계 제조업,경기 화성시 팔탄면 터넉골로165번길 10호산엔지니어링(주),18,3714166.667,경기도,NA,159,2.8,236.9,1.4,NA,NA,1,1,,0,0,NA
2022-03761,이노비즈기업,주식회사에프엑스솔루션,1198648068,장현국,"R.예술, 스포츠 및 여가관련 서비스업(90~91)",창작 및 예술관련 서비스업,"서울특별시 금천구 디지털로 130(가산동, 남성프라자) 802호",11,2500000,서울특별시,3,NA,-13.1,269.4,0.2,3,3,1,1,,1,0,3
2022-07014,이노비즈기업,협진커넥터 주식회사,1408176772,최영식,C.제조업(10~34),통신 및 방송 장비 제조업,"경기 안산시 단원구 엠티브이12로 16(성곡동, 협진커넥터(주))",127,2591666.667,경기도,2.8,NA,6.4,48.7,0.7,3.2,2,0,0,,1,0,2.8
2022-01975,이노비즈기업,주식회사스타일씨코퍼레이션,1178179518,박재범,J.정보통신업(58~63),"자료처리, 호스팅, 포털 및 기타 인터넷 정보매개 서비스업",대전 서구 청사로 13618층 알 1843호,18,NA,대전광역시,NA,-77.4,0.7,32.3,1,NA,NA,1,0,,1,0,NA
2022-00831,대한민국 일자리 으뜸기업,주식회사샤프테크닉스케이,1218608356,백순석,"S.협회 및 단체, 수리 및 기타 개인 서비스업(94~96)",산업용 기계 및 장비 수리업,인천광역시 중구 운서동 (운서동)2850 에이에이씨티화물터미널 302호,219,2359166.667,인천광역시,1.7,NA,7.1,108,0.5,1.6,1.9,1,1,,1,0,1.7
2022-01964,이노비즈기업,주식회사빵야네트윅스,1378700453,정명석,J.정보통신업(58~63),"자료처리, 호스팅, 포털 및 기타 인터넷 정보매개 서비스업",서울특별시 마포구 동교로12길 64층 (장강빌딩),15,3670000,서울특별시,3,NA,15.4,55.1,0.9,3.1,3.2,0,0,,0,0,3
2022-02966,이노비즈기업,주식회사보고텍,1238607085,염규용,"N.사업시설 관리, 사업 지원 및 임대 서비스업(74~76)",기타 사업지원 서비스업,경기 군포시 경수대로 455한솔테크노타운 102호 (당정동),12,3138333.333,경기도,3.5,27.2,7.7,7.7,2,4.5,3,0,0,,1,0,3.5
2022-01959,이노비즈기업,주식회사바탕색이엔지,1058799963,이원준,F.건설업(41~42),건설업본사(소분류),서울 강서구 개화동로21길 4방화11단지아파트 상가동 201호,31,2500000,서울특별시,NA,36.1,21,99.9,1.5,NA,NA,0,0,,0,0,NA
2022-00829,대한민국 일자리 으뜸기업,주식회사무신사,2118879575,조만호,"N.사업시설 관리, 사업 지원 및 임대 서비스업(74~76)",기타 사업지원 서비스업,"서울 강남구 언주로174길 30지하1층 (신사동, 로빈명품관)",943,4283192,서울특별시,2.5,393.3,18,112.3,0.6,2.8,2.5,0,0,,1,0,2.5
2022-01949,이노비즈기업,주식회사마블러스,1778800119,임세라,P.교육 서비스업(85),교육지원 서비스업,서울특별시 강남구 봉은사로16길 37(역삼동),70,2500000,서울특별시,3.5,NA,-12,94.5,1.2,3.6,3.4,0,0,,0,0,3.5
2022-03369,이노비즈기업,주식회사금영이엔지,3148192242,최승호,F.건설업(41~42),건설업본사(소분류),"대전광역시 유성구 엑스포로 385(문지동, 트루윈 3층 금영이엔지)",144,3961666.667,대전광역시,3,18.7,3.6,124,1.9,2.3,3.4,1,0,,0,0,3
2022-13603,메인비즈기업,주식회사 휴먼푸드서비스,7748701135,김종철,I.숙박 및 음식점업(55~56),음식점업,경기 수원시 권선구 경수대로 93401호 (대황교동),180,2533333.333,경기도,NA,NA,12.5,525.3,4.3,NA,NA,1,0,,1,0,NA
2022-02525,이노비즈기업,주식회사 헬퍼스하이,6108633694,박완주,"N.사업시설 관리, 사업 지원 및 임대 서비스업(74~76)",기타 사업지원 서비스업,경기도 군포시 흥안대로27번길 28-107층,26,2428333.333,경기도,2.4,628.9,53.6,53.6,6.4,2.8,2.3,1,0,,1,0,2.4
2022-00038,신청기업,주식회사 해성특수지,1378604428,문상권,C.제조업(10~34),기타 종이 및 판지 제품 제조업,경기 파주시 탄현면 검산로 348-20,25,3506666.667,경기도,4,NA,1.8,141.9,1.7,4,5,0,0,,1,0,4
2022-00035,신청기업,주식회사 한신,1178117619,이민종,C.제조업(10~34),통신 및 방송 장비 제조업,경기 화성시 비봉면 주석로 640-10,137,3484473,경기도,2.5,213.5,17.5,54.5,2.3,1.5,1.8,0,0,,0,0,2.5
2022-00006,신청기업,주식회사 필텍,1358176784,이종필,C.제조업(10~34),통신 및 방송 장비 제조업,"경기도 용인시 기흥구 구성로 357(청덕동, 용인테크노밸리) D동 207호",28,3165000,경기도,4,13.8,3.9,136.1,0.9,4,4,1,0,,0,0,4
2022-08633,이노비즈기업,주식회사 피오씨,4178126605,김용식,"S.협회 및 단체, 수리 및 기타 개인 서비스업(94~96)",산업용 기계 및 장비 수리업,전라남도 여수시 삼동3길 17412호,7,2500000,전라남도,NA,797.1,18.2,60.7,2,NA,NA,1,1,,1,0,NA
2022-14468,사회적기업,주식회사 퓨전국악이어랑,8748101369,이자영,"R.예술, 스포츠 및 여가관련 서비스업(90~91)",창작 및 예술관련 서비스업,대구 남구 중앙대로31길 172-2(대명동),20,2500000,대구광역시,NA,27.7,62.4,5.7,4.9,NA,NA,0,0,,1,0,NA
2022-00014,신청기업,주식회사 폴리코리아,4148600917,안희수,C.제조업(10~34),플라스틱제품 제조업,"경상남도 창원시 성산구 완암로 50(성산동, SK테크노파크 테크동) 809호",21,2500000,경상남도,NA,20,7.2,165.1,1.4,NA,NA,0,0,,1,0,NA
2022-11806,메인비즈기업,주식회사 파나,6178171938,김시영,I.숙박 및 음식점업(55~56),음식점업,경상남도 양산시 상북면 양산대로 1266-3(상북면),15,2500000,경상남도,NA,-88.2,1.2,263.9,0.6,NA,NA,1,1,,1,0,NA
2022-00024,신청기업,주식회사 티엔코아,1198649878,김동현,C.제조업(10~34),컴퓨터 및 주변장치 제조업,"서울특별시 강서구 마곡중앙2로 55층 510호 (510호(마곡동,메트로비즈타워))",35,2333333.333,서울특별시,2.3,16.4,16.9,9.8,0.5,2.1,2.2,1,0,,0,0,2.3
2022-00475,신청기업,주식회사 투게더스,1378139709,이근수,"N.사업시설 관리, 사업 지원 및 임대 서비스업(74~76)",기타 사업지원 서비스업,"인천 부평구 부평대로 301901호 (청천동, 남광센트렉스)",40,2291666.667,인천광역시,3.5,52.2,17.9,39,1.3,4.5,3,1,0,,1,0,3.5
2022-11671,메인비즈기업,주식회사 토너월드,1218196990,차성호,"S.협회 및 단체, 수리 및 기타 개인 서비스업(94~96)",컴퓨터 및 통신장비 수리업,인천 미추홀구 미추홀대로669번길 81(도화동),11,NA,인천광역시,NA,64.3,13.2,97,2.1,NA,NA,0,0,,1,0,NA
2022-00130,신청기업,주식회사 큐아이티,1358621800,배정환,C.제조업(10~34),"전동기, 발전기 및 전기 변환ㆍ 공급ㆍ제어 장치 제조업",경기도 수원시 영통구 대학4로 17402호 (에이스광교타워1 (이의동)),12,2750000,경기도,NA,23.1,13.7,149.8,1.5,NA,NA,1,0,,1,0,NA
2022-00003,신청기업,주식회사 코스플로우,6308700855,구봉길,G.도매 및 소매업(45~47),상품 중개업,인천광역시 계양구 서운산단로2길 72(서운동) B동 4층,20,2987500,인천광역시,NA,-68,12.4,23.5,1.9,NA,NA,0,0,,0,0,NA
2022-00775,대한민국 일자리 으뜸기업,주식회사 코드스테이츠,7038800878,김인기,P.교육 서비스업(85),기타 교육기관,서울특별시 서초구 서초대로 39620층,200,2845833.333,서울특별시,4.2,NA,36.2,89,2.4,3.8,4,1,0,,0,0,4.2
2022-05111,이노비즈기업,주식회사 케이제이아이,1378131987,이용승,"E.수도, 하수 및 폐기물 처리, 원료 재생업(36~39)","해체, 선별 및 원료 재생업",인천 서구 백범로910번길 68(가좌동),27,2900000,인천광역시,3.5,-4.9,7.1,228.4,0.5,4.5,3,0,0,,1,0,3.5
2022-00190,신청기업,주식회사 케이씨피드,5058100799,"정한식, 김희철",C.제조업(10~34),"곡물가공품, 전분 및 전분제품 제조업",경북 영천시 금호읍 금호로 320((주)케이씨피드),94,2603666.667,경상북도,2.6,83.1,2.6,64.2,0.8,3.1,2.3,0,0,,0,0,2.6
2022-12608,메인비즈기업,주식회사 축산랜드,5068184190,김성길,I.숙박 및 음식점업(55~56),음식점업,경상북도 포항시 북구 장량로262번길 23(양덕동),9,2525000,경상북도,NA,268.9,1.7,113.5,0.4,NA,NA,0,0,,0,0,NA
2022-14346,사회적기업,주식회사 천사,2278116902,"고동길, 이숙만",Q.보건업 및 사회복지 서비스업(86~87),거주 복지시설 운영업,강원 속초시 중앙로 25(교동),20,2500000,강원도,NA,NA,-5.4,301,1.2,NA,NA,0,0,,0,0,NA
2022-00069,신청기업,주식회사 주원씨앤아이,1288654297,손정진,G.도매 및 소매업(45~47),기계장비 및 관련 물품 도매업,경기 김포시 양촌읍 김포한강4로 391,38,3229166.667,경기도,2,73.3,8.2,259.1,3.6,4,3,0,0,,0,0,2
2022-03727,이노비즈기업,주식회사 이비가푸드,3148623662,김영철,I.숙박 및 음식점업(55~56),음식점업,대전 서구 계룡로 199(월평동),51,2980833.333,대전광역시,3.5,-91.4,0.3,89,2.1,3.2,2.8,0,0,,0,0,3.5
2022-01880,이노비즈기업,주식회사 웹센,1268634242,심달호,F.건설업(41~42),건설업본사(소분류),"경기 안산시 단원구 광덕동로 101, 6층 601호(고잔동, 두일빌딩)",21,3477500,경기도,NA,NA,6.5,38,2.3,NA,NA,1,0,,0,0,NA
2022-00336,신청기업,주식회사 원준이앤씨,1028600635,정은희,"N.사업시설 관리, 사업 지원 및 임대 서비스업(74~76)","사업시설 유지,관리 서비스업",경기도 김포시 고촌읍 고송로 204층,26,2083333.333,경기도,NA,-79.1,3.8,38.6,2.2,NA,NA,0,0,,0,0,NA
2022-12941,메인비즈기업,주식회사 와이제이그룹,5148185962,최영진,"R.예술, 스포츠 및 여가관련 서비스업(90~91)",스포츠 서비스업,대구 달서구 조암남로 42(월성동)트럼프스타 4층 405호,74,2500000,대구광역시,2,-65.5,3.5,67.4,2.9,2.9,2.7,0,0,,1,0,2
2022-14284,사회적기업,주식회사 온케어구리,1328199250,방선영,Q.보건업 및 사회복지 서비스업(86~87),비거주 복지시설 운영업,경기도 구리시 건원대로 36(8층),100,2500000,경기도,NA,-50.5,6.5,146.5,1.5,NA,NA,0,0,,1,0,NA
2022-00127,신청기업,주식회사 엠토스솔루션스,1198617662,김관종,G.도매 및 소매업(45~47),상품 종합 도매업,"서울특별시 금천구 가산디지털1로 219811,1112호 (가산동 벽산디지털밸리6차)",59,2256666.667,서울특별시,2.6,76,6.9,289.9,1.6,2.9,2.9,0,0,,0,0,2.6
2022-00144,신청기업,주식회사 엠에스테크,2088800539,백종호,C.제조업(10~34),자동차 신품 부품 제조업,충청남도 천안시 서북구 성환읍 지족향길 63(성환읍),31,1983000,충청남도,2,-5.6,4.9,225.6,225.6,2,2.5,1,1,,1,0,2
2022-00798,대한민국 일자리 으뜸기업,주식회사 엘에이치사옥관리,6018701142,김태환,L.부동산업(68),부동산 관련 서비스업,경상남도 진주시 에나로 1421동 4층,1024,2584166.667,경상남도,2.5,NA,-12.4,432.8,6.1,3.2,1.8,0,0,,1,0,2.5
2022-00005,신청기업,주식회사 에이치케이,1398123824,이향천,C.제조업(10~34),가구 제조업,경기도 하남시 하남대로 9476층 606호 (하남테크노밸리U1센터 D동),150,3735833.333,경기도,2.3,-28.2,5.2,188.1,1.2,3.3,2.5,1,0,,1,0,2.3
2022-07011,이노비즈기업,한양밸브공업(주),6038155109,박창호,C.제조업(10~34),일반 목적용 기계 제조업,부산 강서구 미음산단2로16번길 19(구랑동),41,3229166.667,부산광역시,NA,625.5,20.4,102.7,1.3,NA,NA,0,0,,1,0,NA
2022-00678,신청기업,주식회사 알이,1328605738,유재황,L.부동산업(68),부동산 관련 서비스업,경기 양평군 양평읍 대흥로 563층,12,2500000,경기도,3.8,43.8,2,812.1,0.6,3.8,4,1,1,,0,0,3.8
2022-01861,이노비즈기업,주식회사 알엠,1258165499,임범진,"E.수도, 하수 및 폐기물 처리, 원료 재생업(36~39)","해체, 선별 및 원료 재생업",경기 오산시 동부대로 291-12(갈곶동),100,3210000,경기도,2.1,252.2,1.9,1.9,0.6,2.4,2,1,0,,1,0,2.1
2022-00030,신청기업,주식회사 아인스미디어,1098620253,김중완,"M.전문, 과학 및 기술 서비스업(70~73)",광고업,"서울특별시 금천구 가산디지털1로 168(가산동, 우림라이온스밸리) B동 907호",120,2536666.667,서울특별시,3.5,36.2,33.8,33.8,1,3,2.9,0,0,,0,0,3.5
2022-10517,메인비즈기업,주식회사 아이풀,1248726063,백성욱,"R.예술, 스포츠 및 여가관련 서비스업(90~91)",스포츠 서비스업,"경기 수원시 권선구 동수원로 218-39(권선동, 권선종합프라자)",122,2553333.333,경기도,4,NA,-4.5,-4.5,0.4,3.3,2.7,0,0,,0,0,4
2022-14460,사회적기업,주식회사 심양재가복지센터,7168100569,변혜신,Q.보건업 및 사회복지 서비스업(86~87),비거주 복지시설 운영업,"서울특별시 중랑구 신내로 115(신내동, 신내10단지신내아파트) 상가동 103호",20,2500000,서울특별시,NA,-6.4,14.4,47.6,2.9,NA,NA,0,0,,0,0,NA
2022-07010,이노비즈기업,한성금속,6060319180,박남권,C.제조업(10~34),일반 목적용 기계 제조업,부산광역시 강서구 미음산단로92번길 20(구랑동),25,3405000,부산광역시,NA,NA,6.4,217,0.9,NA,NA,1,0,,0,0,NA
2022-01855,이노비즈기업,주식회사 송암씨앤씨,4358700338,이종성,"S.협회 및 단체, 수리 및 기타 개인 서비스업(94~96)",자동차 및 모터사이클 수리업,"경기도 파주시 오도로 42(오도동, 1동)",22,2746666.667,경기도,NA,-74.2,0.5,465.2,0.6,NA,NA,1,1,,1,0,NA
2022-00118,신청기업,주식회사 성호씨그마,1348674319,장환호,G.도매 및 소매업(45~47),기계장비 및 관련 물품 도매업,경기도 수원시 장안구 정자천로13번길 146(천천동) 1층 102호,20,2750000,경기도,NA,-40.3,8.3,28,6.7,NA,NA,0,0,,1,0,NA
2022-00562,신청기업,주식회사 비엠코퍼레이션,6588800923,박주형,P.교육 서비스업(85),기타 교육기관,"서울 영등포구 국회대로 6122층 10호 (당산동3가, 코레일유통 사옥)",100,2489166.667,서울특별시,NA,764.4,43.8,91.1,4,NA,NA,1,0,,1,0,NA
2022-11122,메인비즈기업,주식회사 브랜뉴뮤직,1148701177,김세환,"R.예술, 스포츠 및 여가관련 서비스업(90~91)",창작 및 예술관련 서비스업,"서울특별시 강남구 언주로75길 10(역삼동, 브랜뉴빌딩)",38,2375000,서울특별시,2.1,NA,-16.9,584.1,584.1,2,2,1,0,,1,0,2.1
2022-00458,신청기업,주식회사 밸류링크유,1558600662,남영수,H.운수 및 창고업(49~52),기타 운송관련 서비스업,서울특별시 마포구 마포대로 19(마포동) 1005호,59,2500000,서울특별시,3,NA,-51.1,103.8,1.7,4.3,3.3,1,0,,1,0,3
2022-07008,이노비즈기업,한국후지기계(주),1248142339,양동광,C.제조업(10~34),특수 목적용 기계 제조업,경기 화성시 양감면 은행나무로 515,25,2500000,경기도,1,0.2,3.5,68.4,0.5,3,1,1,1,,0,0,1
2022-00153,신청기업,주식회사 머큐리,1378131255,황하영,C.제조업(10~34),통신 및 방송 장비 제조업,인천 서구 가재울로 90(가좌동),186,2990000,인천광역시,2.8,-31.1,4.1,72.7,0.9,2.8,2.1,0,0,,0,0,2.8
2022-07358,이노비즈기업,주식회사 맥스텍,3128154179,양명헌,"S.협회 및 단체, 수리 및 기타 개인 서비스업(94~96)",산업용 기계 및 장비 수리업,"충남 천안시 서북구 2공단2로95, 천안차암아파트형공장 402호 508호 (차암동)",23,3005000,충청남도,NA,33.8,5,102.7,0.9,NA,NA,0,0,,1,0,NA
2022-02473,이노비즈기업,주식회사 마이원,2018629486,이영진,"N.사업시설 관리, 사업 지원 및 임대 서비스업(74~76)",기타 사업지원 서비스업,"서울 중구 퇴계로30길 24208-1호 (예장동, 삼익아파트 지하상가)",37,3064166.667,서울특별시,2.5,-10.5,8.6,172.3,1.8,1.7,3.2,0,0,,1,0,2.5
2022-00074,신청기업,주식회사 마담,7068800561,김연호,"M.전문, 과학 및 기술 서비스업(70~73)","그 외 기타 전문, 과학 및 기술 서비스업",서울특별시 성동구 성수이로 119(성수동2가) 덕산빌딩 5층,16,2333333.333,서울특별시,3.3,71.9,48.4,15.2,8.5,4.7,3.7,0,0,,0,0,3.3
2022-14391,사회적기업,주식회사 룰루랄라,1288670507,이명아,P.교육 서비스업(85),교육지원 서비스업,"경기 고양시 일산동구 고봉로 32-196층 602호 (장항동, 남정씨티프라자7차)",8,2500000,경기도,3,14.4,20.9,15.1,1.5,4,3,0,0,,1,0,3
2022-13178,메인비즈기업,주식회사 렛츠,3188100818,김성은,P.교육 서비스업(85),교육지원 서비스업,대전광역시 유성구 동서대로179번길 63(덕명동) 2층,7,NA,대전광역시,2.5,-82.5,1.6,1.6,1.7,1.5,4,1,1,,1,0,2.5
2022-07005,이노비즈기업,하이멜,1262249234,문정환,C.제조업(10~34),플라스틱제품 제조업,경기도 광주시 초월읍 산수로 627-22(초월읍),NA,NA,경기도,1,-0.7,46.8,123,1.8,4,1,0,0,,1,0,1
2022-14547,가족친화인증기업,주식회사 동화세상에듀코,2018127348,김영철,P.교육 서비스업(85),기타 교육기관,서울 동대문구 왕산로 25(신설동),124,2803333.333,서울특별시,3.2,-41.1,5.6,77.1,77.1,3,3.3,1,1,,1,0,3.2
2022-11319,메인비즈기업,주식회사 동신,5128111130,유정우,B.광업(05~08),토사석 광업,"경북 영주시 안정면 용주로 653-16(성곡리509번지,안정면여륵리산32-2외1필지)",26,1645000,경상북도,NA,NA,-5.4,67.6,67.6,NA,NA,0,0,,1,0,NA
2022-14310,사회적기업,주식회사 돌봄사회서비스센터,5088131568,박명배,Q.보건업 및 사회복지 서비스업(86~87),비거주 복지시설 운영업,경상북도 안동시 안기1길 48(안기동),62,2500000,경상북도,NA,539.1,4.7,248.9,1.7,NA,NA,0,0,,0,0,NA
2022-00196,신청기업,주식회사 더유제약,1138669177,김민구,"M.전문, 과학 및 기술 서비스업(70~73)",회사 본부 및 경영 컨설팅 서비스업,서울특별시 영등포구 당산로 17115층 1501호 (금강펜테리움IT타워),193,3250000,서울특별시,2.7,-57.9,9,55.1,1.5,3.5,3.8,0,0,,1,0,2.7
2022-00143,신청기업,주식회사 대평,4168177514,정금랑,H.운수 및 창고업(49~52),기타 운송관련 서비스업,전라남도 광양시 항만7로 54(도이동),31,2603250,전라남도,1.5,-26.3,5.2,160.9,0.8,3,1.5,0,0,,1,0,1.5
2022-12338,메인비즈기업,주식회사 대신종합관리시스템,4098629533,이현,L.부동산업(68),부동산 관련 서비스업,"전남 화순군 화순읍 충의로 91(화순읍, 만연빌딩) 2층",22,2500000,전라남도,3,38.6,12.3,28.7,3.2,3,3,1,1,,1,0,3
2022-14376,사회적기업,주식회사 당진돌봄사회서비스센터,3118145890,송영팔,Q.보건업 및 사회복지 서비스업(86~87),비거주 복지시설 운영업,충청남도 당진시 먹거리길 83,42,NA,충청남도,NA,-85.6,1.5,972.6,972.6,NA,NA,1,1,,0,0,NA
2022-00596,신청기업,주식회사 나아바코리아,4288600949,"김경규, 이남규","N.사업시설 관리, 사업 지원 및 임대 서비스업(74~76)",개인 및 가정용품 임대업,경기 군포시 공단로 1485층 (당정동),14,2500000,경기도,5,NA,-0.5,866.3,1.1,5,5,0,0,,0,0,5
2022-11087,메인비즈기업,주식회사 나눔환경,3178106857,이승호,"E.수도, 하수 및 폐기물 처리, 원료 재생업(36~39)","폐기물 수집, 운반업",충북 청주시 서원구 가장로353번길 161(장암동),6,NA,충청북도,3,331.8,17,17,1.7,3,3,1,1,,1,0,3
2022-00045,신청기업,주식회사 나눔세상,7688600473,"송민기, 이난희",G.도매 및 소매업(45~47),생활용품 도매업,광주광역시 북구 첨단중앙로182번길 147(대촌동),26,2500000,광주광역시,NA,-57.9,1.6,517.6,0.9,NA,NA,0,0,,1,0,NA
2022-10058,메인비즈기업,주식회사 금산,3108103655,윤석권,B.광업(05~08),토사석 광업,충남 서산시 성연면 일호리2길 113,43,NA,충청남도,NA,-20.7,3.5,167.6,0.9,NA,NA,1,0,,1,0,NA
2022-00132,신청기업,주식회사 고산테크,5208800180,이성희,C.제조업(10~34),특수 목적용 기계 제조업,충남 천안시 서북구 백석공단5길 15(백석동),20,2843333.333,충청남도,NA,NA,6.4,33.5,0.9,NA,NA,1,0,,0,0,NA
2022-13998,향토기업,㈜성철사,6188100023,윤장한,K.금융 및 보험업(64~66),기타 금융업,부산 해운대구 반여1동1401,23,3408333.333,부산광역시,2.1,959.8,959.8,8.3,0.1,1.9,2.4,0,0,,0,0,2.1
2022-07003,이노비즈기업,파워제넥스(주),1188116253,고상영,C.제조업(10~34),기타 전기장비 제조업,인천 남동구 은봉로 9944블럭9롯트 (논현동),39,2220000,인천광역시,2.6,33.3,19.6,24.4,0.9,3.9,2.1,1,0,,1,0,2.6
2022-14276,사회적기업,㈜사람인충주돌봄,3038159942,백수진,Q.보건업 및 사회복지 서비스업(86~87),비거주 복지시설 운영업,"충북 충주시 번영대로 1114층 (연수동, 누가빌딩)",NA,NA,충청북도,NA,NA,-3.6,367.9,3.3,NA,NA,1,0,,0,0,NA
2022-06999,이노비즈기업,태영전자(주),4098128000,김상설,C.제조업(10~34),자동차 신품 부품 제조업,전남 장성군 동화면 농공단지길 60(공장),39,3040000,전라남도,2,-39.5,3.2,158.1,1.8,2.3,2.8,0,0,,0,0,2
2022-06993,이노비즈기업,코스모아이앤디(주),3018154280,신영석,C.제조업(10~34),플라스틱제품 제조업,세종 전의면 음담말길 12,97,3605833.333,세종특별자치시,2.5,4.1,4.4,173.8,1,3.2,2,0,0,,0,0,2.5
2022-15066,가족친화인증기업,주식회사 중부그린,7878600659,"김재국,김지숙","E.수도, 하수 및 폐기물 처리, 원료 재생업(36~39)","폐기물 수집, 운반업",세종특별자치시 금남면 국곡길 15(금남면),10,NA,세종특별자치시,NA,-86.9,3.5,69.9,2.1,NA,NA,1,1,,1,0,NA
2022-02461,이노비즈기업,주)그린환경,4048114909,강수형,"E.수도, 하수 및 폐기물 처리, 원료 재생업(36~39)",폐기물 처리업,전북 정읍시 덕천면 천월길 167,9,2585000,전라북도,2.8,171.6,171.6,171.6,0.7,2.6,2.3,0,0,,1,0,2.8
2022-00223,신청기업,㈜ 프 라 임,1318177480,백 매 순,C.제조업(10~34),일반 목적용 기계 제조업,"인천광역시 남동구 앵고개로 627((고잔동, 111블럭14롯트))",70,2594166.667,인천광역시,1.9,13.7,1.9,272.6,0.7,2.8,1.8,0,0,,1,0,1.9
2022-04084,이노비즈기업,제너텍(주),6218146103,"노규동,노영현",F.건설업(41~42),건설업본사(소분류),"부산광역시 금정구 체육공원로399번길 325-8(노포동, 제너텍빌딩)",48,2529166.667,부산광역시,2.5,-28.3,12.8,24.6,2.7,2,3,0,0,,1,0,2.5
2022-06038,이노비즈기업,정화통신(주),2268102180,우동명,F.건설업(41~42),건설업본사(소분류),강원 강릉시 성덕포남로182번길 38(포남동),35,3719166.667,강원도,NA,29.5,7.2,16.8,0.7,NA,NA,1,0,,0,0,NA
2022-00212,신청기업,정우전기(주),1368127928,김신호,C.제조업(10~34),"전동기, 발전기 및 전기 변환ㆍ 공급ㆍ제어 장치 제조업",경기 김포시 양촌읍 황금1로90,32,2333333.333,경기도,2.1,693.8,9.6,151.3,151.3,1.9,2.3,0,0,,0,0,2.1
2022-14736,가족친화인증기업,정선군시설관리공단,2258261179,홍규학,"R.예술, 스포츠 및 여가관련 서비스업(90~91)","도서관, 사적지 및 유사 여가관련 서비스업",강원 정선군 화암면 화암동굴길 12-1정선군시설관리공단,125,3670000,강원도,1,NA,NA,5.3,83.8,3,1,1,0,,1,0,1
2022-00251,신청기업,정강통신,4108126074,박상선,F.건설업(41~42),건설업본사(소분류),광주 광산구 운남동517-27번지,32,3097500,광주광역시,NA,226.9,8.5,22.7,2,NA,NA,1,0,,1,0,NA
2022-14899,가족친화인증기업,재단법인 전라남도문화재단,4118210951,정명섭,"R.예술, 스포츠 및 여가관련 서비스업(90~91)",창작 및 예술관련 서비스업,전라남도 무안군 삼향읍 후광대로 24213층,52,2166666.667,전라남도,NA,800.7,19.2,20.5,1,NA,NA,1,0,,0,0,NA
2022-14858,가족친화인증기업,(주)티에스케이프리텍,3018177357,김희두,"E.수도, 하수 및 폐기물 처리, 원료 재생업(36~39)","해체, 선별 및 원료 재생업",충북 진천군 초평면 도장길 34-29,68,3547500,충청북도,2,NA,-2.4,111.5,0.9,2,3,1,1,,0,0,2
2022-14730,가족친화인증기업,재단법인 부천문화재단,1308212593,손경연,"R.예술, 스포츠 및 여가관련 서비스업(90~91)",창작 및 예술관련 서비스업,경기 부천시 장말로 107(상동),119,2005833.333,경기도,3.1,NA,-54.6,47.4,4.2,3.2,2.3,0,0,,0,0,3.1
2022-16449,안전보건경영시스템 인증,경일종합개발(주),2178102551,진용남,"E.수도, 하수 및 폐기물 처리, 원료 재생업(36~39)","폐기물 수집, 운반업",서울 도봉구 노해로 233(쌍문동),29,NA,서울특별시,NA,34.9,16.5,67,2,NA,NA,0,0,,0,0,NA
2022-08590,이노비즈기업,자연환경(주),4158117769,김대수,"E.수도, 하수 및 폐기물 처리, 원료 재생업(36~39)","폐기물 수집, 운반업",전남 강진군 성전면 별뫼로 188-24,10,3609166.667,전라남도,3,-1.3,12.2,18,1.4,3,3,1,0,,0,0,3
2022-10921,메인비즈기업,(주)태일씨앤티,2138187994,김경수,F.건설업(41~42),건설업본사(소분류),"서울 관악구 남부순환로 17952층 (봉천동, 한우빌딩)",69,3802500,서울특별시,4,100.6,9.6,195.5,5,3,3,1,1,,1,0,4
2022-04076,이노비즈기업,인선모터스주식회사,1288664645,"박정호, 김대봉(각자대표)","E.수도, 하수 및 폐기물 처리, 원료 재생업(36~39)","해체, 선별 및 원료 재생업",경기도 고양시 일산동구 동국로 286(식사동),112,2519166.667,경기도,2,80.2,3.1,132.8,1.3,3.3,3,1,0,,0,0,2
2022-02906,이노비즈기업,이트너스(주),2018166865,임각균,"N.사업시설 관리, 사업 지원 및 임대 서비스업(74~76)",기타 사업지원 서비스업,경기 성남시 분당구 대왕판교로 670유스페이스 2-B동 704호,606,3032500,경기도,2.5,-19.2,6.2,162.1,2.2,3,2.6,0,0,,1,0,2.5
2022-11801,메인비즈기업,이채이앤씨,1410286375,김기원,L.부동산업(68),부동산 관련 서비스업,경기 고양시 일산동구 강송로113번길 54-2(백석동),26,NA,경기도,NA,-37.7,38.3,NA,4,NA,NA,1,0,,0,0,NA
2022-13951,고용우수기업,이샘병원,6059166601,이성근,Q.보건업 및 사회복지 서비스업(86~87),병원,"부산 부산진구 황령대로 12(범천동, KE빌딩 5층)",150,2194166.667,부산광역시,1.8,NA,2.8,728.3,1.9,2.2,2.2,1,0,,1,0,1.8
2022-03692,이노비즈기업,이넵스주식회사,1298650386,이동일,F.건설업(41~42),건설업본사(소분류),"경기 용인시 기흥구 흥덕중앙로 12026층 2605호 (영덕동, UTOWER)",56,2708333.333,경기도,3.1,NA,12,292.2,2.7,3.1,4,1,1,,1,0,3.1
2022-06543,이노비즈기업,이경이앤씨(주),1378116953,이기영,"E.수도, 하수 및 폐기물 처리, 원료 재생업(36~39)","하수, 폐수 및 분뇨 처리업",인천 서구 중봉대로286번길 29(석남동),30,3996666.667,인천광역시,1,-10.8,-10.8,198.1,1.1,2,2,1,0,,0,0,1
2022-14413,사회적기업,의귀마을영농조합법인,6168622254,오문식,"R.예술, 스포츠 및 여가관련 서비스업(90~91)",스포츠 서비스업,제주특별자치도 서귀포시 남원읍 서성로955-117,NA,NA,제주도,NA,NA,-19,77.2,1.2,NA,NA,0,0,,1,0,NA
2022-10870,메인비즈기업,디에이치아이(주),1238141716,전준배,F.건설업(41~42),건설업본사(소분류),경기 군포시 공단로 93-17(당동)4층,3,2825000,경기도,2,-25.2,11.4,91.2,3.3,1.5,2.8,0,0,,0,0,2
2022-14447,사회적기업,유한회사 좋은이웃,3178147431,김은진,Q.보건업 및 사회복지 서비스업(86~87),비거주 복지시설 운영업,"전북 군산시 공단대로 454.2층 202호 (나운동, 삼영빌딩)",20,2500000,전라북도,NA,375.7,62.4,49,4.4,NA,NA,0,0,,0,0,NA
2022-00036,신청기업,유한회사 싸카,2018178599,오정석,G.도매 및 소매업(45~47),생활용품 도매업,서울 중구 을지로 252-1(을지로6가),54,1770833.333,서울특별시,3.6,NA,-12.9,100.5,1.2,3.1,2.6,1,0,,0,0,3.6
2022-00103,신청기업,유닉스노무법인,3988100380,이기태,"M.전문, 과학 및 기술 서비스업(70~73)",법무관련 서비스업,부산광역시 연제구 연수로 86(연산동),20,2500000,부산광역시,5,NA,16.6,1661,4.5,5,5,1,0,,0,0,5
2022-10652,메인비즈기업,(주)에스디메디컬,1058794648,장상도,G.도매 및 소매업(45~47),기타 상품 전문 소매업,"경기도 고양시 일산동구 정발산로 11(장항동, 일호골든타워) 4층 402호",11,2555000,경기도,NA,24.8,16.1,140,3.7,NA,NA,1,1,,0,0,NA
2022-09183,이노비즈기업,우진환경개발(주),3018122658,이강우,"E.수도, 하수 및 폐기물 처리, 원료 재생업(36~39)",폐기물 처리업,충북 청주시 청원구 북이면 의암로 298,55,3635000,충청북도,3.5,NA,-8,304.6,0.7,3.5,3.5,0,0,,0,0,3.5
2022-01797,이노비즈기업,우정에이치앤씨주식회사,3128664352,장두희,"N.사업시설 관리, 사업 지원 및 임대 서비스업(74~76)","경비, 경호 및 탐정업",충남 천안시 서북구 백석3로 130-144층 (백석동),37,2705000,충청남도,4,-30.2,5.9,238.2,1.1,3.5,4,0,0,,0,0,4
2022-00826,대한민국 일자리 으뜸기업,우일정보기술(주),2048105154,이 오,F.건설업(41~42),건설업본사(소분류),서울 동대문구 청계천로 497(용두동),157,1983333.333,서울특별시,3.3,-5.6,11.6,17.7,1.2,2.9,2.7,1,1,,0,0,3.3
2022-00134,신청기업,우리올제시스템(주),1078629471,김주범,G.도매 및 소매업(45~47),가전제품 및 정보통신장비 소매업,"서울 강서구 양천로 583B동 2302호 (염창동, 우림블루나인비즈니스센터)",26,3155000,서울특별시,2.7,16.5,6.9,183.3,4,2.7,3,0,0,,0,0,2.7
2022-08559,이노비즈기업,용진환경주식회사,3028111227,김홍찬,"E.수도, 하수 및 폐기물 처리, 원료 재생업(36~39)","하수, 폐수 및 분뇨 처리업",충북 영동군 영동읍 계산로3길 9-30(한빛일보영동지사),117,2894166.667,충청북도,3.4,-15.1,21.8,11.9,2.3,3.7,2.8,1,1,,0,0,3.4
2022-10966,메인비즈기업,용정광업(주),3048106171,최현주,B.광업(05~08),토사석 광업,충북 제천시 두학동산27-8,27,2680000,충청북도,NA,-40.5,1.3,141.5,0.7,NA,NA,0,0,,1,0,NA
2022-06929,이노비즈기업,오에이치시스템(주),2298120232,박명수,F.건설업(41~42),건설업본사(소분류),"경기 안양시 동안구 시민대로 387A동 8층 801호 (관양동, 디지털 엠파이어)",25,3797500,경기도,NA,4.5,4.3,83.5,1.3,NA,NA,1,1,,0,0,NA
2022-00120,신청기업,오아 주식회사,1148714895,김상무,G.도매 및 소매업(45~47),기계장비 및 관련 물품 도매업,"서울특별시 서초구 효령로46길 97((서초동, 오아(주)))",170,2500000,서울특별시,2,62,5.9,112.4,1.8,2.8,2.4,0,0,,0,0,2
2022-13952,고용우수기업,오성병원,6029049867,신상호,Q.보건업 및 사회복지 서비스업(86~87),의원,부산광역시 부산진구 중앙대로 910(양정동),176,NA,부산광역시,2.4,-98.4,NA,NA,0.4,2.3,1.8,0,0,,1,0,2.4
2022-00462,신청기업,영진환경산업 주식회사,1248117446,하은용,"N.사업시설 관리, 사업 지원 및 임대 서비스업(74~76)",기타 사업지원 서비스업,경기도 수원시 권선구 매송고색로 634-21,53,2630000,경기도,2.5,-86.3,0.4,135.4,0.9,3.2,2.5,1,0,,1,0,2.5
2022-05519,이노비즈기업,영종산업(주),6108132540,"채포기,채종오","E.수도, 하수 및 폐기물 처리, 원료 재생업(36~39)",폐기물 처리업,울산 울주군 삼동면 삼동로 858-3,15,3869166.667,울산광역시,NA,NA,-6.8,406.1,0.4,NA,NA,0,0,,0,0,NA
2022-00189,신청기업,영도산업(주),6038116464,"이광호, 이병성",C.제조업(10~34),일반 목적용 기계 제조업,부산 강서구 녹산산업중로 22(송정동),151,2340750,부산광역시,2.4,95.7,16.7,37.8,1.4,2.3,2.1,1,0,,1,0,2.4
2022-10677,메인비즈기업,(주)믿음물류센터,2278118540,한은주,G.도매 및 소매업(45~47),종합 소매업,강원 속초시 번영로97번길 43(동명동),10,2263333.333,강원도,NA,-1.2,4.5,120.5,1.9,NA,NA,0,0,,0,0,NA
2022-00122,신청기업,엠브레인퍼블릭,4728600062,이병일,"M.전문, 과학 및 기술 서비스업(70~73)",시장조사 및 여론조사업,서울특별시 강남구 강남대로 318((역삼동 837타워) 3~5층),78,2333333.333,서울특별시,4,NA,5,555.8,1.2,4,2,1,0,,0,0,4
2022-15805,병역지정업체,㈜안스 남동공단지점,2928700177,안복현,I.숙박 및 음식점업(55~56),음식점업,인천 연수구 청명로3번길 1(청학동),137,NA,인천광역시,NA,93.2,9,288.9,0.9,NA,NA,0,0,,0,0,NA
2022-00225,신청기업,엔에이티엠 주식회사,3128663519,김인호,C.제조업(10~34),1차 비철금속 제조업,충청남도 천안시 서북구 입장면 연곡길 172-24(입장면),20,2500000,충청남도,NA,67.7,7.1,182.8,0.8,NA,NA,0,0,,1,0,NA
2022-04558,이노비즈기업,엔에이치네트웍스(주),4128119924,이근신,F.건설업(41~42),건설업본사(소분류),"전북 군산시 산단남북로 169312호 (오식도동, 군산친환경자동차부품알앤디센터)",49,2233333.333,전라북도,2,56.3,5.9,43.3,2.2,2.4,2.3,1,0,,1,0,2
2022-02432,이노비즈기업,엑스큐어(주),1348159986,정우천,"N.사업시설 관리, 사업 지원 및 임대 서비스업(74~76)",기타 사업지원 서비스업,"서울 구로구 디지털로 2885층 501호 (구로동, 대륭포스트타워1차)",43,3452500,서울특별시,3.1,NA,4.5,9,0.4,3.3,2.6,1,0,,1,0,3.1
2022-01040,인재육성형중소기업,에어코리아(주),1408113573,김헌수,"D.전기, 가스, 증기 및 공기 조절 공급업(35)",연료용 가스 제조 및 배관공급업,경기 여주시 주내로 799-16,25,4698333.333,경기도,1.5,100,8.4,66.6,1.4,3,1.5,1,0,,1,0,1.5
2022-08537,이노비즈기업,에스티에스(주),1298146102,남충환,"S.협회 및 단체, 수리 및 기타 개인 서비스업(94~96)",산업용 기계 및 장비 수리업,경기도 용인시 기흥구 용구대로2145번길 39(신갈동),60,NA,경기도,1,-86.5,1,167.2,1.9,2,1,1,1,,1,0,1
2022-00806,대한민국 일자리 으뜸기업,에스케이넥실리스(주),1378645318,김영태,H.운수 및 창고업(49~52),보관 및 창고업,인천 중구 자유무역로 232(운서동) 패스트박스 인천GDC센터,232,2356666.667,인천광역시,2.2,NA,-14.7,169.3,169.3,2.2,2.7,1,1,,0,0,2.2
2022-02426,이노비즈기업,에스씨종합건설(주),5068139147,천기열,F.건설업(41~42),건설업본사(소분류),경상북도 포항시 북구 흥해읍 동해대로 1884(흥해읍),47,2923333.333,경상북도,NA,NA,1.5,35.8,1.3,NA,NA,0,0,,1,0,NA
2022-06526,이노비즈기업,에너원(주),4028176200,김상권,"D.전기, 가스, 증기 및 공기 조절 공급업(35)","증기, 냉,온수 및 공기조절 공급업",전북 군산시 외항로 884(소룡동),59,3620833.333,전라북도,3.4,91.3,9.8,125.9,0.5,2.6,2.4,0,0,,1,0,3.4
2022-15221,병역지정업체,(주)부동산뱅크,2088110886,송상열,J.정보통신업(58~63),"자료처리, 호스팅, 포털 및 기타 인터넷 정보매개 서비스업",서울특별시 서초구 효령로 242(서초동) 2층,16,2245833.333,서울특별시,2,-74.4,7.8,103.3,4.5,2.1,2.9,1,1,,0,0,2
2022-04056,이노비즈기업,알에스테크(주),3018620048,김왕종,"S.협회 및 단체, 수리 및 기타 개인 서비스업(94~96)",산업용 기계 및 장비 수리업,충북 청주시 흥덕구 동촌로 75(서촌동),34,3188333.333,충청북도,3.2,321.9,5.2,180.7,0.8,4,2.8,1,1,,1,0,3.2
2022-14224,사회적기업,안성의료복지사회적협동조합,1258137708,박중기,Q.보건업 및 사회복지 서비스업(86~87),의원,경기도 안성시 중앙로371번길 13(석정동),40,2051083.333,경기도,NA,NA,1.4,165.1,1.7,NA,NA,0,0,,1,0,NA
2022-14236,사회적기업,안산의료복지 사회적협동조합,1348204659,김영림,Q.보건업 및 사회복지 서비스업(86~87),의원,"경기 안산시 상록구 예술광장로 316층 601호 (월피동, 파크프라자)",32,2500000,경기도,2.7,NA,1.8,348.5,1.6,2.8,2.8,0,0,,1,0,2.7
2022-02889,이노비즈기업,아트원주식회사,2398800149,엄태건,"S.협회 및 단체, 수리 및 기타 개인 서비스업(94~96)",자동차 및 모터사이클 수리업,"대전 유성구 안금로15번길 49-4, 1층 (안산동)",20,3046666.667,대전광역시,NA,1118.1,9.7,463,2.8,NA,NA,1,0,,1,0,NA
2022-00083,신청기업,아이엠써키트(주),4098653595,조경표,C.제조업(10~34),전자부품 제조업,인천광역시 남동구 남동동로154번길 42(고잔동),30,2500000,인천광역시,5,19.2,8,239.3,0.8,1,1,1,1,,0,0,5
2022-07871,이노비즈기업,아이에스(주),1318149567,인성철,F.건설업(41~42),건설업본사(소분류),인천 연수구 청량로155번길 6201 (옥련동),10,3155000,인천광역시,NA,0.6,4,23.7,1.5,NA,NA,1,0,,0,0,NA
2022-14471,사회적기업,㈜휴먼토탈서비스,4928701043,최병구,L.부동산업(68),부동산 관련 서비스업,서울특별시 서초구 사임당로20길 56-10(서초동) B1층,27,2500000,서울특별시,NA,-33.9,3.8,93.2,3.3,NA,NA,1,1,,0,0,NA
2022-00141,신청기업,아마다웰드테크코리아 주식회사,2298105487,후지모토 타카시,C.제조업(10~34),절연선 및 케이블 제조업,경기 화성시 동탄하나1길 28(능동),76,2978000,경기도,2.1,-86.3,2.9,23.3,0.9,2.7,2.3,1,0,,0,0,2.1
2022-16444,안전보건경영시스템 인증,씨지앤율촌전력주식회사,4168167786,차이우장,"D.전기, 가스, 증기 및 공기 조절 공급업(35)",전기업,전남 광양시 광양읍 인덕로 360-202,99,5239166.667,전라남도,4,-39,1.9,169.4,0.7,5,5,1,0,,1,0,4
2022-16481,안전보건경영시스템 인증,씨지앤대산전력주식회사,1018646259,차이우장,"D.전기, 가스, 증기 및 공기 조절 공급업(35)",전기업,충남 서산시 대산읍 독곶1로 82,94,4057500,충청남도,2.9,61.1,1,120.3,0.2,3.1,3,0,0,,1,0,2.9
2022-00214,신청기업,씨와이오토텍(주),1248650436,조준상,C.제조업(10~34),자동차 신품 부품 제조업,경기 화성시 봉담읍 덕우공단1길 65-22,66,3033333.333,경기도,2.9,NA,1.9,45.9,1.4,2.5,2.5,0,0,,1,0,2.9
2022-11186,메인비즈기업,쌍용자동차인천정비사업소 주식회사,1218144866,최영구,"S.협회 및 단체, 수리 및 기타 개인 서비스업(94~96)",자동차 및 모터사이클 수리업,인천 동구 방축로 17(송현동),43,3322500,인천광역시,NA,1859.6,0.2,201.7,0.3,NA,NA,1,1,,0,0,NA
2022-09865,메인비즈기업,쌍용자동차부평정비사업소(주),1228171804,김명철,"S.협회 및 단체, 수리 및 기타 개인 서비스업(94~96)",자동차 및 모터사이클 수리업,인천 부평구 장제로381번길 12-15(갈산동),44,3308333.333,인천광역시,4,-29,2.3,132.2,0.5,3,4,0,0,,1,0,4
2022-09885,메인비즈기업,싱가포르국제학교광주러닝센터주식회사,4088608383,이기훈,P.교육 서비스업(85),기타 교육기관,"광주광역시 남구 오방로 17(봉선동, 3층,4층,5층)",10,2500000,광주광역시,NA,-89.2,1.7,353.3,2.7,NA,NA,1,1,,1,0,NA
2022-15038,가족친화인증기업,신한캐피탈(주),1348111323,정운진,K.금융 및 보험업(64~66),기타 금융업,경기 안산시 단원구 당곡로 17(고잔동),284,6813333.333,경기도,3.3,82.7,2.8,533.7,NA,3.5,3.3,1,1,,0,0,3.3
2022-09406,이노비즈기업,신영전자통신(주),2148632162,김성식,"D.전기, 가스, 증기 및 공기 조절 공급업(35)",전기업,서울 서초구 신흥말길 99(내곡동),9,1762500,서울특별시,3,150.2,3.4,42.4,0.4,4,2,1,0,,1,0,3
2022-12594,메인비즈기업,신성가스공업(주),1288108425,우국환,"D.전기, 가스, 증기 및 공기 조절 공급업(35)",연료용 가스 제조 및 배관공급업,경기 파주시 문산읍 통일로 1708,17,4243333.333,경기도,NA,NA,-3,189.2,1.2,NA,NA,1,0,,0,0,NA
2022-13428,메인비즈기업,신석개발산업(주),3118108653,이범주,B.광업(05~08),토사석 광업,충청남도 당진시 교동1길 7-20(읍내동),25,3256666.667,충청남도,NA,-99.7,0.1,146.1,0.6,NA,NA,1,0,,0,0,NA
2022-14296,사회적기업,수원의료복지 사회적협동조합,1248218156,한동근,Q.보건업 및 사회복지 서비스업(86~87),의원,"경기도 수원시 영통구 봉영로 16052층 221호 ((영통동,모던타운))",NA,3644166.667,경기도,NA,NA,-27.4,443.1,1.8,NA,NA,1,1,,1,0,NA
2022-14448,사회적기업,주식회사 동진,5018800267,조강문,L.부동산업(68),부동산 관련 서비스업,강원 원주시 지니기길 11-12(무실동),NA,NA,강원도,NA,-75.7,0.4,1043.8,4,NA,NA,1,1,,0,0,NA
2022-05486,이노비즈기업,선일이씨티(주),2048149943,김희곤,F.건설업(41~42),건설업본사(소분류),경기도 하남시 미사1동(덕풍동)831번지 1호 현대지식산업센터 한강미사 2차 CC동 234호,45,3457500,경기도,4.3,-52.7,7.1,39,2.2,4,4,0,0,,0,0,4.3
2022-09966,메인비즈기업,주식회사파스텔,1428172618,서길호,"M.전문, 과학 및 기술 서비스업(70~73)",사진 촬영 및 처리업,경기도 용인시기흥구 동백죽전대로491-13(동백동),74,1870833.333,경기도,1.9,NA,-6.5,1734.8,1.3,1.4,2.5,0,0,,0,0,1.9
2022-14569,가족친화인증기업,(재)서울디자인재단,1208209000,유연식,"N.사업시설 관리, 사업 지원 및 임대 서비스업(74~76)",기타 사업지원 서비스업,서울 종로구 율곡로 283서울디자인지원센터 8층 (종로6가),16,NA,서울특별시,3,47.4,17.7,26.6,1.4,3.5,2.3,0,0,,1,0,3
2022-14233,사회적기업,서울의료복지 사회적협동조합,1088205566,한상환,Q.보건업 및 사회복지 서비스업(86~87),의원,서울 영등포구 대림로 76(대림동),18,2363333.333,서울특별시,1,NA,-19.5,NA,3.4,1,1,0,0,,0,0,1
2022-14550,가족친화인증기업,주식회사 골프존뉴딘홀딩스,3058137721,최덕형,"N.사업시설 관리, 사업 지원 및 임대 서비스업(74~76)",기타 사업지원 서비스업,서울특별시 강남구 영동대로 735,NA,NA,서울특별시,3,392.9,21.2,17.6,0.1,3.4,2.6,0,0,,1,0,3
2022-00243,신청기업,새롬프로텍(주),1278615710,이정택,C.제조업(10~34),"전동기, 발전기 및 전기 변환ㆍ 공급ㆍ제어 장치 제조업",경기도 양주시 광적면(광적면) 덕도리800번지 8호 새롬프로텍(주),15,2000000,경기도,1.5,-60.6,8,10.2,0.5,3,2.5,1,0,,1,0,1.5
2022-06491,이노비즈기업,삼진기업(주),4168101601,변재웅,"E.수도, 하수 및 폐기물 처리, 원료 재생업(36~39)","해체, 선별 및 원료 재생업","전라남도 광양시 중마중앙로 149(중동, 더다정빌딩) 3층",242,2666666.667,전라남도,2.3,351.7,3,435.2,2.4,2.3,2.7,1,1,,0,0,2.3
2022-04033,이노비즈기업,삼중테크(주),2208171883,최종완,F.건설업(41~42),건설업본사(소분류),서울특별시 송파구 법원로 128(문정동) A동 15층 17호,105,2333333.333,서울특별시,3.3,-6.4,2.2,267.4,2.2,2.9,2.6,1,0,,1,0,3.3
2022-11227,메인비즈기업,삼인시스텍 주식회사,1088175497,홍순평,"S.협회 및 단체, 수리 및 기타 개인 서비스업(94~96)",컴퓨터 및 통신장비 수리업,서울특별시 금천구 가산디지털1로 233(가산동) 에이스하이엔드타워 9차 12층 1212호,5,1858333.333,서울특별시,1.9,NA,-7.7,25.8,1.7,2.9,1.1,1,1,,0,0,1.9
2022-12897,메인비즈기업,삼성석회(주),2258101005,최혜경,B.광업(05~08),토사석 광업,강원 영월군 중동면 도화동길 156,39,2855000,강원도,NA,NA,0.4,198.2,1,NA,NA,0,0,,1,0,NA
2022-14532,사회적기업,㈜영일기업,2178130042,양종구,"N.사업시설 관리, 사업 지원 및 임대 서비스업(74~76)","경비, 경호 및 탐정업","서울특별시 금천구 서부샛길 534(가산동, 세계일보 212-A호)",NA,NA,서울특별시,NA,-22.4,26.6,30.2,2.6,NA,NA,0,0,,1,0,NA
2022-14500,사회적기업,사회적협동조합되돌림,1048213026,김두식,Q.보건업 및 사회복지 서비스업(86~87),비거주 복지시설 운영업,"서울 동대문구 왕산로225, 5층 A동 11호 상가 (청량리동)",223,2500000,서울특별시,NA,NA,-6.1,2.8,3.1,NA,NA,1,0,,0,0,NA
2022-14428,사회적기업,사회적협동조합 창원도우누리,8588200157,김미득,Q.보건업 및 사회복지 서비스업(86~87),비거주 복지시설 운영업,"경상남도 창원시 의창구 대봉로26번길 4-5(봉림동, yg빌딩) 3층",146,1714166.667,경상남도,NA,151.4,14.2,63.9,4.6,NA,NA,1,1,,1,0,NA
2022-14525,사회적기업,사회적협동조합 종로돌봄센터,1018224072,한재경,Q.보건업 및 사회복지 서비스업(86~87),비거주 복지시설 운영업,"서울 종로구 지봉로 811동 116호 (창신동, 브라운스톤 창신)",NA,NA,서울특별시,NA,-49.4,22,175.7,6.4,NA,NA,0,0,,1,0,NA
2022-14436,사회적기업,사회적협동조합 우리사이,1198211622,천길자,Q.보건업 및 사회복지 서비스업(86~87),기타 보건업,서울특별시 관악구 신림로23길 165층 (일성트루엘),70,2500000,서울특별시,NA,563.2,40.8,66.7,6.5,NA,NA,1,1,,1,0,NA
2022-14364,사회적기업,사회적협동조합 용인도우누리,8158200257,서계현,Q.보건업 및 사회복지 서비스업(86~87),비거주 복지시설 운영업,"경기 용인시 기흥구 동백중앙로 191603,604호 (중동, 씨티프라자)",NA,NA,경기도,NA,NA,-2.3,221,0.3,NA,NA,0,0,,0,0,NA
2022-15021,가족친화인증기업,주식회사 티엠디교육그룹,2118796577,고봉익,P.교육 서비스업(85),교육지원 서비스업,"서울 서초구 서초중앙로8길 26(서초동, Unoffice 2)",65,2127500,서울특별시,3,NA,-37.9,13092.1,1.6,2.2,2.5,1,0,,1,0,3
2022-14913,가족친화인증기업,(주)민병철교육그룹,2208112206,민병철,P.교육 서비스업(85),일반 교습 학원,서울특별시 강남구 테헤란로26길 14(역삼동) 4층,114,2595000,서울특별시,2.9,NA,-2.5,313.5,3.9,2.9,2.9,0,0,,1,0,2.9
2022-14798,가족친화인증기업,재단법인 한국발전인재개발원,3168200352,정광성,P.교육 서비스업(85),기타 교육기관,대전광역시 서구 관저1동(관저동)757번지,NA,NA,대전광역시,1,NA,-1.1,116.7,3,4,2,0,0,,1,0,1
2022-14431,사회적기업,사회적협동조합 가가호호돌봄센터,1088210787,김경미,Q.보건업 및 사회복지 서비스업(86~87),비거주 복지시설 운영업,서울특별시 영등포구 영등포로64길 311층,43,2500000,서울특별시,NA,32.2,23.3,42.6,3.2,NA,NA,0,0,,1,0,NA
2022-14637,가족친화인증기업,이데일리(주),1078175795,"곽재선, 이익원",J.정보통신업(58~63),"자료처리, 호스팅, 포털 및 기타 인터넷 정보매개 서비스업","서울 중구 통일로 9219층 (순화동, 에이스타워)",255,3743333.333,서울특별시,2.9,1256.5,16.8,79.2,0.5,3.5,2.5,1,0,,0,0,2.9
2022-14410,사회적기업,(주) 히든그레이스,2648109846,김성은,J.정보통신업(58~63),"자료처리, 호스팅, 포털 및 기타 인터넷 정보매개 서비스업",서울특별시 서초구 효령로47길 273층,19,2575833.333,서울특별시,NA,-62.4,18.7,8.1,1.8,NA,NA,1,1,,1,0,NA
2022-14213,제주특별자치도 고용우수기업,보구정 제주,4741100376,김경환,J.정보통신업(58~63),"자료처리, 호스팅, 포털 및 기타 인터넷 정보매개 서비스업",제주특별자치도 제주시 오도5길 20(이호이동) 1층,10,1999166.667,제주도,2.7,306.1,207.7,41.3,6.5,2,2,0,0,,0,0,2.7
2022-10086,메인비즈기업,(주)우리매니저,5148163949,김 미,J.정보통신업(58~63),"자료처리, 호스팅, 포털 및 기타 인터넷 정보매개 서비스업",대구 달서구 월배로 71진천트위펠리스 2층 207-2호 (진천동),8,1411666.667,대구광역시,4,NA,16.2,105.5,1.1,5,3.5,1,1,,0,0,4
2022-09480,이노비즈기업,(주)한국인프라,2298106899,김기영,J.정보통신업(58~63),"자료처리, 호스팅, 포털 및 기타 인터넷 정보매개 서비스업",서울 강남구 삼성로 150극동교회빌딩 3층 (대치동),64,4007500,서울특별시,3.2,30,3.8,183.7,1.4,3.5,3.5,0,0,,0,0,3.2
2022-05288,이노비즈기업,(주)아이메코,1078180226,전석환,J.정보통신업(58~63),"자료처리, 호스팅, 포털 및 기타 인터넷 정보매개 서비스업","서울특별시 강서구 화곡로 416,1219호 (등촌동,가양역 더스카이밸리5차 지식산업센터)",17,4575000,서울특별시,3.3,-79.1,4.6,186,0.9,3.8,3.7,0,0,,0,0,3.3
2022-14329,사회적기업,사단법인 한국스포츠컨설팅협회,6078212356,김병진,"R.예술, 스포츠 및 여가관련 서비스업(90~91)",스포츠 서비스업,"부산 부산진구 양정로 22(양정동, 동의과학대학 내)",33,2500000,부산광역시,NA,NA,-57.3,NA,2.9,NA,NA,1,1,,0,0,NA
2022-00485,신청기업,사단법인 한국문화산업협회,3148217750,박시범,"S.협회 및 단체, 수리 및 기타 개인 서비스업(94~96)",기타 협회 및 단체,"세종특별자치시 조치원읍 세종로 2639(조치원읍, 홍익대학교 세종캠퍼스 엘) 107호",12,NA,세종특별자치시,NA,NA,0.3,NA,10.1,NA,NA,0,0,,0,0,NA
2022-14676,가족친화인증기업,(주)자연머금,4028188744,최우식,I.숙박 및 음식점업(55~56),음식점업,"전라북도 전주시 완산구 온고을로 29(서신동, KT 전북본부) 15층",29,1134166.667,전라북도,1.4,28.5,3.9,272.4,0.8,1.6,1.4,1,0,,1,0,1.4
2022-14540,사회적기업,들다방 주식회사,1748600533,김유미,I.숙박 및 음식점업(55~56),음식점업,"서울 종로구 동숭길 25(동숭동, 유리빌딩) 4층",NA,2500000,서울특별시,NA,23.9,20.1,108.4,3.6,NA,NA,1,1,,0,0,NA
2022-14311,사회적기업,사단법인 마당극패 우금치,3058219356,이주행,"R.예술, 스포츠 및 여가관련 서비스업(90~91)",창작 및 예술관련 서비스업,대전 중구 중앙로112번길 15(대흥동),10,1800000,대전광역시,NA,NA,0.2,1295.5,0.2,NA,NA,1,0,,1,0,NA
2022-14530,사회적기업,주식회사낭만연구소,5138180019,박창욱,I.숙박 및 음식점업(55~56),음식점업,경상북도 구미시 산업로 193-84(원평동),40,2562500,경상북도,3.3,NA,6.1,355.7,0.5,2.2,2.9,0,0,,1,0,3.3
2022-00268,신청기업,브이엔에스,5131396263,배상용,C.제조업(10~34),특수 목적용 기계 제조업,"경상북도 구미시 산동면 첨단기업1로 82-3(산동면, 국가4공단)",23,3000000,경상북도,NA,-94.1,1.1,55.8,0.5,NA,NA,1,0,,0,0,NA
2022-16381,안전보건경영시스템 인증,부산패션칼라산업협동조합,6038204169,김병수,"D.전기, 가스, 증기 및 공기 조절 공급업(35)",전기업,부산 사하구 신산로13번길 33(신평동),70,2000000,부산광역시,2.4,NA,-4.3,20.7,0.9,3.1,2.1,1,1,,1,0,2.4
2022-00859,대한민국 일자리 으뜸기업,부산신항국제터미널(주),6178180136,이석,H.운수 및 창고업(49~52),기타 운송관련 서비스업,"부산 강서구 신항남로 330(성북동,부산신항국제터미널 (주))",401,4389166.667,부산광역시,3.1,-19,8.5,87.4,0.7,3.5,3.1,0,0,,0,0,3.1
2022-05962,이노비즈기업,부강이엔에스(주),3178105085,박규식,F.건설업(41~42),건설업본사(소분류),충북 청주시 흥덕구 서부로1168번길 23-4(석곡동),39,2461666.667,충청북도,NA,-45,6.6,54.5,1.5,NA,NA,1,0,,1,0,NA
2022-14905,가족친화인증기업,베어링자산운용 주식회사,1168134269,"배인수,박종학",K.금융 및 보험업(64~66),신탁업 및 집합투자업,"서울 중구 을지로 297층 (을지로1가, 더존을지타워)",69,12500000,서울특별시,1,-15.6,11.9,21,NA,2,1,1,0,,1,0,1
2022-01721,이노비즈기업,베스띠아(주),1068652192,윤정호,F.건설업(41~42),건설업본사(소분류),"서울특별시 영등포구 당산로41길 11(당산동4가, 당산SKV1센터 E동 702호)",42,1666666.667,서울특별시,2.1,47.5,4.7,43.9,1.3,0.6,2.3,0,0,,0,0,2.1
2022-07303,이노비즈기업,반도산전(주),6058132247,서보석,F.건설업(41~42),건설업본사(소분류),"부산 해운대구 센텀중앙로 781308호 (우동,센텀그린타워)",40,2000000,부산광역시,3,-7,8.2,59.8,2.6,3,3,0,0,,0,0,3
2022-14513,사회적기업,상지대학교 소비자생활협동조합,2248210643,이상혁,I.숙박 및 음식점업(55~56),음식점업,"강원 원주시 상지대길 83(우산동, 상지대학교)",13,2129166.667,강원도,NA,44,3.4,139.5,3.8,NA,NA,1,1,,0,0,NA
2022-01719,이노비즈기업,바이트커뮤니케이션즈,1858100692,이연재,"N.사업시설 관리, 사업 지원 및 임대 서비스업(74~76)",기타 사업지원 서비스업,서울특별시 용산구 장문로 261층 (트리플러스),33,1833333.333,서울특별시,2.2,NA,7.1,309.1,3.1,1.9,2.8,1,0,,1,0,2.2
2022-14486,사회적기업,주식회사 신세화에프앤에스,4628800583,김민규,I.숙박 및 음식점업(55~56),음식점업,부산광역시 강서구 녹산화전로 275(녹산동) 가동 202호,53,2000000,부산광역시,NA,675.8,13,259.6,3.8,NA,NA,0,0,,1,0,NA
2022-14223,사회적기업,민들레의료복지 사회적협동조합,3058212732,나준식,Q.보건업 및 사회복지 서비스업(86~87),의원,대전 대덕구 계족로663번길26 (법동),43,3121666.667,대전광역시,NA,159.4,3,647.7,1.2,NA,NA,0,0,,1,0,NA
2022-00104,신청기업,명인선재압연 주식회사,1318638992,권명길,C.제조업(10~34),1차 철강 제조업,경기도 시흥시 마유로186번길 106(정왕동),26,2708333.333,경기도,NA,3.1,4.4,178.8,0.7,NA,NA,1,1,,0,0,NA
2022-12836,메인비즈기업,마루요양병원,4109091392,백상훈,Q.보건업 및 사회복지 서비스업(86~87),병원,전남 화순군 춘양면 개천로 249B L (마루요양병원),131,1333333.333,전라남도,NA,-26,6.2,180.4,0.9,NA,NA,1,0,,1,0,NA
2022-10774,메인비즈기업,린텍스기업주식회사,1288151640,"탁정식, 권춘교(각자대표)","S.협회 및 단체, 수리 및 기타 개인 서비스업(94~96)",그 외 기타 개인 서비스업,경기도 파주시 법원읍 술이홀로 960-1(법원읍),105,2617500,경기도,NA,1.3,6.4,209.5,1,NA,NA,0,0,,0,0,NA
2022-10438,메인비즈기업,르노삼성자동차광산정비사업소(주),4108681785,신윤식,"S.협회 및 단체, 수리 및 기타 개인 서비스업(94~96)",자동차 및 모터사이클 수리업,광주 광산구 용아로 202(우산동),26,2858333.333,광주광역시,3.2,271,5.9,289.6,0.8,3.5,2.8,1,0,,1,0,3.2
2022-14477,사회적기업,"주식회사 채움푸드

",6118127749,김순수,I.숙박 및 음식점업(55~56),음식점업,경상북도 포항시 남구 문예로 39(대도동),18,2500000,경상북도,2.4,NA,-18.8,1292.8,1.1,2.5,2.7,0,0,,1,0,2.4
2022-14356,사회적기업,드림돌봄센터㈜,5078111894,황윤길,Q.보건업 및 사회복지 서비스업(86~87),비거주 복지시설 운영업,경상북도 울진군 기성면 망양로 73(기성면),44,2002500,경상북도,NA,12.1,18.1,154.8,3.5,NA,NA,1,1,,0,0,NA
2022-08449,이노비즈기업,두제산업개발(주),3018128744,이배식,"E.수도, 하수 및 폐기물 처리, 원료 재생업(36~39)",폐기물 처리업,충북 청주시 서원구 남이면 저산척북로 542두제산업개발(주),40,3134166.667,충청북도,2.3,6889.3,16.9,72.9,0.3,1.7,3,1,1,,1,0,2.3
2022-13687,메인비즈기업,동해현진관광호텔(주),2228128209,채창희,I.숙박 및 음식점업(55~56),일반 및 생활 숙박시설 운영업,"강원 동해시 동굴로 125-3(천곡동, 동해현진관광호텔)",27,2517500,강원도,NA,NA,0.4,159.3,0.1,NA,NA,0,0,,1,0,NA
2022-06475,이노비즈기업,동해정보통신(주),1188113673,이창원,F.건설업(41~42),건설업본사(소분류),서울 영등포구 대림로29길 43(대림동),56,2454166.667,서울특별시,1.8,NA,-2.7,60.2,1.5,2.5,1,0,0,,1,0,1.8
2022-14469,사회적기업,열린부뚜막협동조합,5208600565,추경미,I.숙박 및 음식점업(55~56),음식점업,대전광역시 유성구 지족로364번길 19(지족동) 103호,7,2415833.333,대전광역시,NA,-43.1,6.5,343.5,1.4,NA,NA,0,0,,1,0,NA
2022-01705,이노비즈기업,동아환경개발(주),3018164245,박연기,"E.수도, 하수 및 폐기물 처리, 원료 재생업(36~39)","폐기물 수집, 운반업",충북 진천군 이월면 수청길 149-13,17,2919166.667,충청북도,NA,NA,4.5,29.8,0.7,NA,NA,0,0,,1,0,NA
2022-00247,신청기업,동서산업(주),6218171617,서정권,C.제조업(10~34),일반 목적용 기계 제조업,부산광역시 기장군 일광면 기장대로 1157(일광면),56,2700000,부산광역시,4,46,10.6,63.7,0.7,3.7,4.3,0,0,,0,0,4
2022-06885,이노비즈기업,동부이엔티(주),1258141328,"허진원, 이호성(각자대표)","E.수도, 하수 및 폐기물 처리, 원료 재생업(36~39)",폐기물 처리업,경기 안성시 원곡면 지문로 432,31,2887500,경기도,NA,33.9,17.4,48,1.1,NA,NA,0,0,,0,0,NA
2022-02369,이노비즈기업,동방환경산업(주),5088102613,김도현,"E.수도, 하수 및 폐기물 처리, 원료 재생업(36~39)","폐기물 수집, 운반업",경상북도 안동시 앙실로 333(수하동),35,2699166.667,경상북도,NA,4.9,5.2,30.4,0.5,NA,NA,1,0,,0,0,NA
2022-10543,메인비즈기업,동명자동차공업사,4160184707,김태훈,"S.협회 및 단체, 수리 및 기타 개인 서비스업(94~96)",자동차 및 모터사이클 수리업,전남 순천시 원연향길 16(연향동),NA,NA,전라남도,NA,28.5,22.8,110.8,2,NA,NA,0,0,,1,0,NA
2022-04504,이노비즈기업,동남전기통신(주),2228106302,최승효,F.건설업(41~42),건설업본사(소분류),강원 삼척시 사대안길 16(남양동),32,2853333.333,강원도,3.7,35.2,2.3,34.9,0.9,3,2.7,0,0,,0,0,3.7
2022-14397,사회적기업,도우누리정다운 사회적협동조합,5068212223,최윤경,Q.보건업 및 사회복지 서비스업(86~87),거주 복지시설 운영업,인천광역시 부평구 굴포로7번길 312층,95,1837500,인천광역시,NA,51.9,9.3,198.9,1.7,NA,NA,0,0,,0,0,NA
2022-00360,신청기업,대한산업보수(주),4178110286,양승호,F.건설업(41~42),건설업본사(소분류),전라남도 여수시 삼동3길 7(주삼동),62,2750000,전라남도,2.7,NA,-15.2,40.4,0.9,1.2,2.5,0,0,,1,0,2.7
2022-14682,가족친화인증기업,대전열병합발전 주식회사,3148174846,김대수,"D.전기, 가스, 증기 및 공기 조절 공급업(35)","증기, 냉,온수 및 공기조절 공급업","대전광역시 대덕구 신일서로68번길 71(신일동, 10동)",57,4359166.667,대전광역시,NA,141.8,4.1,28.7,0.6,NA,NA,1,0,,1,0,NA
2022-14380,사회적기업,레드리본사회적협동조합 (빅핸즈),5028625739,김지영,I.숙박 및 음식점업(55~56),음식점업,대구 동구 동호로9길 65(신서동) 뉴하모니,20,NA,대구광역시,1,NA,-7.2,942.5,1.2,1,1,0,0,,1,0,1
2022-14845,가족친화인증기업,대일에너지 주식회사,2228119675,장혜경,"D.전기, 가스, 증기 및 공기 조절 공급업(35)",연료용 가스 제조 및 배관공급업,강원 동해시 동해대로 5271(천곡동),16,2687500,강원도,NA,-39.6,4.5,25.2,1.7,NA,NA,0,0,,0,0,NA
2022-09092,이노비즈기업,대일개발(주),1348108890,김대웅,"E.수도, 하수 및 폐기물 처리, 원료 재생업(36~39)","폐기물 수집, 운반업",경기 안산시 단원구 지원로 7시화공단 5바 514호 (성곡동),95,3790000,경기도,NA,-26.6,6.4,57.1,0.3,NA,NA,0,0,,1,0,NA
2022-00161,신청기업,대양화성,1248135667,이두희,C.제조업(10~34),플라스틱제품 제조업,경기 용인시 처인구 남사읍 경기동로 109-18,96,3166666.667,경기도,1.7,-53.4,4.9,14.5,0.8,1.5,1.9,0,0,,0,0,1.7
2022-03255,이노비즈기업,대신엔에스(주),2048137258,정동진,F.건설업(41~42),건설업본사(소분류),서울 성동구 천호대로 448(용답동),58,1833333.333,서울특별시,2.7,-7.2,6.8,27.9,1.9,2.7,2.5,1,1,,1,0,2.7
2022-02849,이노비즈기업,대신네트웍스주식회사,1248137312,연규현,F.건설업(41~42),건설업본사(소분류),경기 수원시 영통구 중부대로 327(원천동),130,1833333.333,경기도,2.5,-58.4,3,16.7,2.1,2.8,2.4,1,0,,0,0,2.5
2022-00123,신청기업,대성네트웍(주),1148615581,백성현,F.건설업(41~42),건설업본사(소분류),경기 광명시 하안로 60B동 1105호 (소하동),72,2669166.667,경기도,NA,-17,8.4,62.7,1.6,NA,NA,1,0,,0,0,NA
2022-00250,신청기업,대성기계공업(주),1338126804,이칠성,C.제조업(10~34),일반 목적용 기계 제조업,경기 시흥시 공단1대로 334(정왕동)1288-1,84,3152500,경기도,2.6,143.9,14.1,27.3,1.3,2,3.4,1,0,,0,0,2.6
2022-00319,신청기업,대덕자동차직업전문학교,3069003681,전원식,P.교육 서비스업(85),기타 교육기관,대전광역시 동구 동서대로 1710(가양동),6,NA,대전광역시,2.5,-81.4,2.4,225.1,0.9,2,2.5,1,1,,0,0,2.5
2022-13280,메인비즈기업,대구시티병원,5029069170,박인우,Q.보건업 및 사회복지 서비스업(86~87),의원,대구 북구 동북로 270(복현동),147,NA,대구광역시,1.6,22,10.2,970.2,1.3,2.2,1.6,0,0,,0,0,1.6
2022-00148,신청기업,다보코퍼레이션(주),1138143191,김창수,G.도매 및 소매업(45~47),기계장비 및 관련 물품 도매업,"서울 금천구 가산디지털2로 115대륭테크노타운3차 909 (가산동,대륭테크노타운Ⅲ)",40,2300000,서울특별시,3.1,45.7,18.7,41.5,0.9,2.8,3.4,0,0,,1,0,3.1
2022-14306,사회적기업,주식회사 늘사랑회디앤씨,2108169449,김선길,I.숙박 및 음식점업(55~56),음식점업,"서울 도봉구 도봉로152가길 20-4(도봉동, 2층)",12,NA,서울특별시,NA,-25.5,4,373.2,1.3,NA,NA,1,0,,1,0,NA
2022-12607,메인비즈기업,농업회사법인 주식회사 참푸른푸드,4098631193,박선미,I.숙박 및 음식점업(55~56),음식점업,전남 담양군 담양읍 월광로 43(주)서림유통,10,3094166.667,전라남도,NA,3.3,3,246.6,1,NA,NA,1,1,,1,0,NA
2022-10119,메인비즈기업,논산태양특장정비(주),3088124564,최우식,"S.협회 및 단체, 수리 및 기타 개인 서비스업(94~96)",자동차 및 모터사이클 수리업,충남 논산시 은진면 매죽헌로 94-48,17,2465000,충청남도,NA,-23.8,6.5,143.4,0.7,NA,NA,1,0,,0,0,NA
2022-13701,메인비즈기업,(주)올앤컴퍼니,1328619552,이권희,I.숙박 및 음식점업(55~56),음식점업,경기 남양주시 화도읍 맷돌로 34B동 우측1층,NA,NA,경기도,NA,-59.5,21.4,51.8,2.6,NA,NA,1,1,,0,0,NA
2022-00171,신청기업,남양에스티엔,4128102608,최승곤,F.건설업(41~42),건설업본사(소분류),광주 광산구 사암로172번길 45(우산동),220,3454166.667,광주광역시,2,-3.1,7.5,42,1.5,2.6,2.8,0,0,,1,0,2
2022-08404,이노비즈기업,나우환경산업(주),1278122424,유재석,"E.수도, 하수 및 폐기물 처리, 원료 재생업(36~39)","하수, 폐수 및 분뇨 처리업",경기 의정부시 평화로 660동진빌딩 501호 (가능동),40,2083333.333,경기도,3.7,NA,-13.5,104.8,1.3,3,3.3,1,1,,1,0,3.7
2022-12131,메인비즈기업,부일특장(주),1378157667,박재일,H.운수 및 창고업(49~52),기타 운송관련 서비스업,인천 서구 신동안길 27(금곡동),27,1732500,인천광역시,3,73.8,11.5,12.7,1,2,1,1,1,,1,0,3
2022-14515,사회적기업,꿈틀 협동조합,6568600317,한정우,Q.보건업 및 사회복지 서비스업(86~87),비거주 복지시설 운영업,"경기 수원시 권선구 호매실로104번길 90(호매실동, JD타워) 401호",3,1935000,경기도,NA,-63,1.2,1139.8,1.6,NA,NA,0,0,,0,0,NA
2022-11772,메인비즈기업,길연종합관리(주),6028158985,장명안,L.부동산업(68),부동산 관련 서비스업,"부산광역시 부산진구 중앙대로 584(범천동, 서면베르빌2) 309호",28,2977500,부산광역시,NA,12.1,8.9,28.5,1.5,NA,NA,1,0,,0,0,NA
2022-10515,메인비즈기업,글로리아항공주식회사,1018160275,신대현,P.교육 서비스업(85),일반 교습 학원,서울 동대문구 왕산로 14(신설동) 글로리아타워 11층,108,1500000,서울특별시,2.1,NA,-3.5,255.3,0.2,2.6,2.2,1,1,,1,0,2.1
2022-12109,메인비즈기업,(주)그린글로브라인,1048606464,홍은표,H.운수 및 창고업(49~52),기타 운송관련 서비스업,"서울특별시 영등포구 경인로 775(문래동3가, 에이스하이테크시티) 1동 709호",91,2460000,서울특별시,2,379.1,22,138.5,4.8,1.7,1.7,0,0,,0,0,2
2022-09863,메인비즈기업,광일환경(주),1258152882,김명환,"E.수도, 하수 및 폐기물 처리, 원료 재생업(36~39)",폐기물 처리업,경기 안성시 미양면 양변길 93,28,3987500,경기도,NA,78.8,20.2,47.4,1.4,NA,NA,0,0,,1,0,NA
2022-03640,이노비즈기업,광일토건환경(주),1358119949,박노일,"E.수도, 하수 및 폐기물 처리, 원료 재생업(36~39)",폐기물 처리업,경기 용인시 처인구 중부대로 1014(삼가동),40,3061666.667,경기도,NA,58.9,16.9,4.8,1.4,NA,NA,0,0,,0,0,NA
2022-07773,이노비즈기업,광명디앤씨 주식회사,6168197255,김종헌,F.건설업(41~42),건설업본사(소분류),"제주 제주시 도남로15길 5영진빌딩 3층 (도남동, 영진빌딩)",38,2809166.667,제주도,NA,-94.2,1.3,3,0.7,NA,NA,0,0,,0,0,NA
2022-14425,사회적기업,경남돌봄지원센터 사회적협동조합,4878200237,김영철,Q.보건업 및 사회복지 서비스업(86~87),비거주 복지시설 운영업,경상남도 고성군 고성읍 남포로140번길 7-21,17,2145000,경상남도,NA,-88.5,3.6,189.8,2.2,NA,NA,0,0,,1,0,NA
2022-00886,노사문화우수기업,거제해양관광개발공사,6128139345,권순옥,"R.예술, 스포츠 및 여가관련 서비스업(90~91)",스포츠 서비스업,"경남 거제시 거제중앙로 1849(고현동, 거제시공공청사)",125,2250000,경상남도,3.8,NA,-5.3,12,0.4,4.5,3.6,0,0,,1,0,3.8
2022-12054,메인비즈기업,(주)로얄디엔엘,1058154154,김영수,H.운수 및 창고업(49~52),기타 운송관련 서비스업,"서울 금천구 가산디지털1로 219310,311호 (가산동)",30,2875000,서울특별시,2.9,234.2,9.7,221.9,2.9,3.7,2.8,1,1,,1,0,2.9
2022-01091,인재육성형중소기업,강남건설(주),6048110920,서정규,F.건설업(41~42),건설업본사(소분류),부산 사하구 다산로105번길 40(다대동),49,2488333.333,부산광역시,4,149.3,4.2,189.4,2.7,5,4,0,0,,0,0,4
2022-00885,노사문화우수기업,가야개발(주),6228100022,김영섭,"R.예술, 스포츠 및 여가관련 서비스업(90~91)",스포츠 서비스업,경남 김해시 삼방동산 1번지,135,3477500,경상남도,4,72.7,2.6,189.4,0.2,4,2,0,0,,0,0,4
2022-00337,신청기업,(합)동양아이텍,2218114978,고광만,F.건설업(41~42),건설업본사(소분류),강원 춘천시 춘천로 402(후평동),59,3041666.667,강원도,NA,9.4,4.1,67.7,1,NA,NA,1,1,,0,0,NA
2022-00057,신청기업,(주)히릭스태화,1378154791,이준구,C.제조업(10~34),일반 목적용 기계 제조업,인천광역시 서구 검단로114번길 10,12,3125833.333,인천광역시,NA,NA,-4.6,132.6,1,NA,NA,1,0,,1,0,NA
2022-04000,이노비즈기업,(주)화성,2268123109,최종두,F.건설업(41~42),건설업본사(소분류),강원도 강릉시 안현로 152(안현동),52,NA,강원도,2.2,14.1,7.4,30.6,2.7,2.4,2,1,0,,1,0,2.2
2022-12022,메인비즈기업,주식회사 트랜스올,2208732790,민경조,H.운수 및 창고업(49~52),기타 운송관련 서비스업,"서울 영등포구 당산로41길 11E동 1902호 (당산동4가, 당산 SK V1 CENTER)",38,3212500,서울특별시,2.6,NA,19.2,250.1,7.1,3.1,2.6,1,1,,1,0,2.6
2022-04484,이노비즈기업,(주)협성기전,1188100203,"김경현, 김판수(각자대표)",F.건설업(41~42),건설업본사(소분류),경기 성남시 분당구 대왕판교로670 (삼평동) 유스페이스2 B동 409호,111,2352500,경기도,1.9,767.6,8,41.9,0.9,1.9,2.2,0,0,,1,0,1.9
2022-14358,사회적기업,(주)행복더하기,1418130406,유명곤,Q.보건업 및 사회복지 서비스업(86~87),거주 복지시설 운영업,경기도 파주시 금물다리길 2713층,460,NA,경기도,4,219.5,20.6,198.1,1.9,4,1,0,0,,1,0,4
2022-00819,대한민국 일자리 으뜸기업,(주)해우지엘에스,1178115697,김진일,H.운수 및 창고업(49~52),기타 운송관련 서비스업,서울 강서구 강서로 402678통 10반 재영빌딩 8층 (등촌동),364,2500000,서울특별시,2.5,-89.9,0.3,171.3,3.6,2.4,2.5,0,0,,0,0,2.5
2022-04963,이노비즈기업,(주)한진산업,1328112869,김상현,"E.수도, 하수 및 폐기물 처리, 원료 재생업(36~39)",폐기물 처리업,경기도 남양주시 진접읍 양진로 935,67,2656666.667,경기도,2.1,-57,10.5,67.7,0.9,2.6,2,1,1,,0,0,2.1
2022-05907,이노비즈기업,(주)한신산업,5148121838,김건호,F.건설업(41~42),건설업본사(소분류),경상북도 영천시 대창면 장곡길 5,70,3321666.667,경상북도,1.7,-33.3,5.6,121.3,3,1.4,1.8,0,0,,0,0,1.7
2022-00042,신청기업,(주)한독,5108101859,김정호,C.제조업(10~34),기타 종이 및 판지 제품 제조업,경북 김천시 공단로 103-19(대광동),65,5584166.667,경상북도,NA,41.5,4.3,199.9,1.7,NA,NA,0,0,,1,0,NA
2022-00099,신청기업,(주)한국표준협회미디어,2208680349,김병석,"M.전문, 과학 및 기술 서비스업(70~73)",광고업,"서울 강남구 테헤란로69길 53층 (삼성동, DT센터 3층)",26,2575000,서울특별시,1.8,184.9,9.1,30.3,1.3,3,2,1,0,,0,0,1.8
2022-10097,메인비즈기업,(주)한강건설환경,1218132017,최병관,"E.수도, 하수 및 폐기물 처리, 원료 재생업(36~39)","폐기물 수집, 운반업",인천 강화군 불은면 강화동로 348(한강환경),31,3267500,인천광역시,NA,15.8,7.9,36.8,0.7,NA,NA,0,0,,1,0,NA
2022-00815,대한민국 일자리 으뜸기업,(주)하나로티앤에스,1248159766,정연돈,H.운수 및 창고업(49~52),기타 운송관련 서비스업,경기도 수원시 영통구 광교로 105-0(이의동) 경기알앤디비센터 415호,678,3338333.333,경기도,2.7,132.7,10,169.3,3.2,2.7,2.5,0,0,,1,0,2.7
2022-00814,대한민국 일자리 으뜸기업,(주)피앤에스네트웍스,1108180601,김상현,H.운수 및 창고업(49~52),기타 운송관련 서비스업,"서울특별시 영등포구 의사당대로 83(여의도동, HP빌딩) 9층",133,3319166.667,서울특별시,2.4,58.5,32.4,82.5,4.5,3,2.2,0,0,,0,0,2.4
2022-01652,이노비즈기업,(주)피쉐프코리아,4548700299,박기태,I.숙박 및 음식점업(55~56),음식점업,대구 중구 북성로4길 43(인교동),6,1950000,대구광역시,1.7,48.1,3.4,275.5,1.3,1,1.7,0,0,,0,0,1.7
2022-07238,이노비즈기업,(주)포이닉스,1358162072,김병채,F.건설업(41~42),건설업본사(소분류),경기도 수원시 영통구 광교로 105520호,41,3610833.333,경기도,2.2,293.9,5.3,308.7,1.5,2.8,2.7,0,0,,1,0,2.2
2022-00119,신청기업,(주)포스텍,1348169825,이수영,C.제조업(10~34),기타 전기장비 제조업,"경기 안산시 단원구 엠티브이20로12번길 40(성곡동, (주)포스텍)",53,2029166.667,경기도,2.8,72.6,6.1,60.3,0.5,3.5,2.7,1,1,,1,0,2.8
2022-00107,신청기업,(주)파마피아,2158631491,"신용희, 문규연",G.도매 및 소매업(45~47),생활용품 도매업,서울 송파구 송이로32길 12(문정동),33,2275000,서울특별시,2.3,7.6,11,35.2,1.7,2.5,3,1,1,,0,0,2.3
2022-00043,신청기업,(주)팀버라인,1048177417,박용일,H.운수 및 창고업(49~52),기타 운송관련 서비스업,서울 중구 퇴계로 235남산센트럴자이 314 (충무로4가),37,2821666.667,서울특별시,2.8,134.3,14.5,111,3.9,4.1,3.4,1,0,,1,0,2.8
2022-11961,메인비즈기업,세림종합물류(주),1168167625,이성인,H.운수 및 창고업(49~52),기타 운송관련 서비스업,서울 중구 무교로 32905호 (무교동),19,2986666.667,서울특별시,1.6,-96.1,0.3,731.5,4.5,2.4,1.9,0,0,,1,0,1.6
2022-00222,신청기업,(주)티오피퍼니처,1328633699,황은주,C.제조업(10~34),가구 제조업,경기도 남양주시 화도읍 녹촌로135번길30,36,2992500,경기도,NA,159.3,4.3,221.9,1.3,NA,NA,1,0,,1,0,NA
2022-11933,메인비즈기업,용성종합물류(주),1118125649,권영상,H.운수 및 창고업(49~52),기타 운송관련 서비스업,"서울 강서구 마곡서로 152A동 1215호 (마곡동, 두산더랜드타워)",14,2583333.333,서울특별시,NA,144.9,12.1,201.1,4,NA,NA,0,0,,0,0,NA
2022-00012,신청기업,(주)트랜서핑,6638600289,고신웅,G.도매 및 소매업(45~47),기타 상품 전문 소매업,서울 종로구 율곡로5길 12-2(안국동),20,2500000,서울특별시,2.4,-50.8,7.5,112,1,2.5,2,0,0,,0,0,2.4
2022-00025,신청기업,(주)토네즈,1078638631,"전창은, 이주호",G.도매 및 소매업(45~47),가전제품 및 정보통신장비 소매업,서울 금천구 가산동60-3번지 대륭포스트타워5차 810호,17,3150000,서울특별시,3.5,NA,-1,200.3,1.7,2.3,3,0,0,,0,0,3.5
2022-07228,이노비즈기업,(주)테스,6098150586,신석훈,"S.협회 및 단체, 수리 및 기타 개인 서비스업(94~96)",산업용 기계 및 장비 수리업,경남 창원시 성산구 창원대로1144번길 36(성주동),23,4725000,경상남도,2.8,4.9,1.9,235.8,0.4,2.9,2.8,0,0,,1,0,2.8
2022-11925,메인비즈기업,(주)이사몰,2158193599,박원재,H.운수 및 창고업(49~52),기타 운송관련 서비스업,"경기 하남시 조정대로 150103호 (덕풍동, 블루존0)",16,NA,경기도,5,161.2,12.9,361.7,2.4,5,5,1,1,,0,0,5
2022-00420,신청기업,(주)태웅로직스,2028153193,한재동,H.운수 및 창고업(49~52),기타 운송관련 서비스업,"서울특별시 강남구 테헤란로37길 13-6(역삼동, 역삼동 유니빌딩) 9층",280,3755833.333,서울특별시,2.5,732.8,30.7,145.7,4.4,2.6,2.9,1,1,,1,0,2.5
2022-00868,노사문화우수기업,(주)태운,4168172727,한광희,"E.수도, 하수 및 폐기물 처리, 원료 재생업(36~39)",폐기물 처리업,전라남도 광양시 제철로 2148-97,96,4395000,전라남도,3,465.5,4.4,369.2,1.9,3,4,1,1,,0,0,3
2022-10959,메인비즈기업,(주)태그린,1148655069,송제혁,I.숙박 및 음식점업(55~56),음식점업,"서울특별시 성동구 성수일로8길 5(성수동2가, SKV1 타워) 901호",15,1895000,서울특별시,2,NA,-26.4,224.7,1.2,3,3,0,0,,1,0,2
2022-10276,메인비즈기업,(주)태건환경건설,2208729107,유승호,"E.수도, 하수 및 폐기물 처리, 원료 재생업(36~39)","폐기물 수집, 운반업",충청남도 당진시 합덕읍 면천로 1361-46,12,3964166.667,충청남도,NA,16.4,17.8,52.7,2,NA,NA,0,0,,1,0,NA
2022-07714,이노비즈기업,(주)클렌코,3018133965,송인규,"E.수도, 하수 및 폐기물 처리, 원료 재생업(36~39)","폐기물 수집, 운반업",충북 청주시 청원구 북이면 신대석성로 245,105,4188333.333,충청북도,2,NA,-6.3,700.1,0.6,4,2,0,0,,0,0,2
2022-00238,신청기업,(주)크레스라이트,1288154929,김동선,C.제조업(10~34),전구 및 조명장치 제조업,"경기도 고양시 일산동구 장백로 19(백석동, 더루벤스카운티) 1018호",40,2538333.333,경기도,2,NA,-1.3,112.8,0.2,4,3,0,0,,0,0,2
2022-01630,이노비즈기업,(주)큐에스,5138150247,윤영호,"N.사업시설 관리, 사업 지원 및 임대 서비스업(74~76)",기타 사업지원 서비스업,"경북 구미시 산동읍 첨단기업1로 17(산동면, 구미전자정보기술원 국산화지원센터) 405호",64,2975833.333,경상북도,3.1,49.2,4.5,127.9,1.9,3.2,3.2,0,0,,0,0,3.1
2022-00271,신청기업,(주)코인텍,1268142785,용석호,C.제조업(10~34),플라스틱제품 제조업,경기 광주시 초월읍 하오개길 38,31,2924166.667,경기도,3,229.7,8.8,85.5,1.3,4,2,1,0,,1,0,3
2022-00166,신청기업,(주)코미코,1258614826,최용하,C.제조업(10~34),반도체 제조업,경기도 안성시 모산로8(신모산동),662,3906666.667,경기도,2.7,91.3,17.9,29.8,0.5,2.4,2.6,1,1,,1,0,2.7
2022-11854,메인비즈기업,(주) 대륙,5048101441,"권장섭,김기현",H.운수 및 창고업(49~52),기타 운송관련 서비스업,대구광역시 동구 효목로 45효일빌딩 6층,75,2595000,대구광역시,1,5.2,18.4,48.8,5.1,3,2,1,0,,1,0,1
2022-00621,신청기업,(주)코넵,1408173815,윤방남,"N.사업시설 관리, 사업 지원 및 임대 서비스업(74~76)",기타 사업지원 서비스업,"경기 광명시 하안로 60(소하동.광명테크노파크) B동 609,610호",23,2333333.333,경기도,NA,-23.3,6.9,397.4,1.2,NA,NA,1,1,,1,0,NA
2022-00202,신청기업,(주)켐트로스,8388800039,이동훈,C.제조업(10~34),의약품 제조업,경기 안산시 단원구 능안로 7(목내동),135,2500000,경기도,2.6,193.3,5.3,73.2,0.6,2.9,2.2,1,1,,1,0,2.6
2022-00149,신청기업,(주)케이엔케이,1248694467,김동후,C.제조업(10~34),일반 목적용 기계 제조업,경기 화성시 기산로87번길 2(기산동),99,3210833.333,경기도,2.5,NA,-3.4,176.5,0.6,3,2.5,1,0,,0,0,2.5
2022-03965,이노비즈기업,(주)케이씨산업,1268122396,"이강주, 이홍재(각자대표)",F.건설업(41~42),건설업본사(소분류),경기 여주시 가남읍 가남로 465,101,4327500,경기도,1,-27.9,1.2,242.5,0.8,3,3,0,0,,0,0,1
2022-00096,신청기업,(주)컨트롤웍스,2208166279,박승범,G.도매 및 소매업(45~47),상품 종합 도매업,서울특별시 강남구 언주로81길 13,48,2500000,서울특별시,3.3,-21.7,10,11,0.9,2.9,3,0,0,,1,0,3.3
2022-02786,이노비즈기업,(주)충전공영개발,1058148157,이귀식,F.건설업(41~42),건설업본사(소분류),서울 영등포구 신풍로 68(신길동),50,1787500,서울특별시,2.7,-12.6,2.1,156.3,1.9,1.3,2.3,0,0,,0,0,2.7
2022-00138,신청기업,(주)참빛,4208100713,조해봉,G.도매 및 소매업(45~47),상품 중개업,"경기 광주시 고불로 110-3나동 2층(태전동,햇길터)",9,3115833.333,경기도,2.3,-19.3,3.4,333.5,1.1,1.7,2,1,0,,1,0,2.3
2022-08304,이노비즈기업,(주)진흥중공업,1248169018,박찬양,"E.수도, 하수 및 폐기물 처리, 원료 재생업(36~39)",폐기물 처리업,경기도 화성시 양감면 정문송산로93번길 10-27(양감면),33,3116666.667,경기도,1,-83.4,5.6,13.5,0.2,3,1,0,0,,0,0,1
2022-07694,이노비즈기업,(주)진화이앤씨,1148131024,"박양원,박종원",F.건설업(41~42),건설업본사(소분류),서울 서초구 도구로1길 50(방배동),44,3416666.667,서울특별시,2.7,-32.8,2.6,48.9,1.6,3.1,2.9,0,0,,1,0,2.7
2022-00108,신청기업,(주)진성육가공,2158728203,유창호,C.제조업(10~34),"도축, 육류 가공 및 저장 처리업",경기도 하남시 천현로134번길 91-21(천현동),25,2504166.667,경기도,NA,15.3,10,29.1,4.2,NA,NA,0,0,,0,0,NA
2022-09852,메인비즈기업,(주)진경,6108186352,이정환,"S.협회 및 단체, 수리 및 기타 개인 서비스업(94~96)",자동차 및 모터사이클 수리업,울산 울주군 청량읍 화창1길 4-14B L,13,NA,울산광역시,NA,-32.5,0.8,169.9,0.5,NA,NA,1,1,,0,0,NA
2022-08297,이노비즈기업,(주)지제이알미늄,1348143830,유경연,"E.수도, 하수 및 폐기물 처리, 원료 재생업(36~39)","해체, 선별 및 원료 재생업",경기 화성시 팔탄면 노하길 188-4,66,2968333.333,경기도,2.5,777.5,4.8,228.9,1.7,1.5,2,0,0,,0,0,2.5
2022-00204,신청기업,(주)지음지식서비스,1098638374,"고영호,이영수","M.전문, 과학 및 기술 서비스업(70~73)",회사 본부 및 경영 컨설팅 서비스업,경기도 성남시 수정구 창업로 42(시흥동) 532호,34,2250000,경기도,NA,375.2,4.4,307.6,1.3,NA,NA,0,0,,0,0,NA
2022-00192,신청기업,(주)지엠에스컨설팅,1518700686,김종현,"M.전문, 과학 및 기술 서비스업(70~73)",회사 본부 및 경영 컨설팅 서비스업,서울 마포구 상암산로 34(상암동),17,3330833.333,서울특별시,2,125.9,49.4,34.4,2.5,2.5,3.5,0,0,,0,0,2
2022-00146,신청기업,(주)지비라이트,6228118672,이인환,C.제조업(10~34),기타 섬유제품 제조업,부산광역시 강서구 범방3로30번길 22,106,2666666.667,부산광역시,3,-16.6,5.2,5.2,0.4,3,3,1,1,,0,0,3
2022-00023,신청기업,(주)지란지교시큐리티,1078831670,윤두식,"M.전문, 과학 및 기술 서비스업(70~73)",회사 본부 및 경영 컨설팅 서비스업,서울특별시 강남구 역삼로 542(대치동),143,2666666.667,서울특별시,3.7,1.9,2.2,55.9,0.3,3.9,3.5,1,1,,1,0,3.7
2022-03954,이노비즈기업,(주)조은환경,6138120290,조현철,"E.수도, 하수 및 폐기물 처리, 원료 재생업(36~39)","하수, 폐수 및 분뇨 처리업",경상남도 하동군 진교면 구고속도로 489(진교면),20,1657500,경상남도,5,-23.3,4.6,87.1,0.7,1,1,0,0,,1,0,5
2022-10620,메인비즈기업,(주)조은,6038170056,홍출희,"S.협회 및 단체, 수리 및 기타 개인 서비스업(94~96)",그 외 기타 개인 서비스업,부산광역시 강서구 녹산산단382로50번길 16(송정동),29,NA,부산광역시,NA,-52.9,2.5,2.5,0.5,NA,NA,1,1,,0,0,NA
2022-05843,이노비즈기업,(주)조양테크,1088163195,심연순,F.건설업(41~42),건설업본사(소분류),서울특별시 금천구 가산디지털2로 67-0(가산동) 에이스하이엔드타워7 13층 1301호,25,2333333.333,서울특별시,3,NA,-3.6,62.6,1,3,3,0,0,,0,0,3
2022-10946,메인비즈기업,(주)제이티컴퍼니,3368700517,임지택,"S.협회 및 단체, 수리 및 기타 개인 서비스업(94~96)",자동차 및 모터사이클 수리업,강원 원주시 무실밤골길 48(무실동),14,NA,강원도,NA,NA,1.7,163.7,0.2,NA,NA,1,1,,1,0,NA
2022-10327,메인비즈기업,(주)제이케이메탈소재,6088190232,"심희정, 윤원식","E.수도, 하수 및 폐기물 처리, 원료 재생업(36~39)","해체, 선별 및 원료 재생업",경상남도 창원시 마산합포구 진북면 삼진의거대로352,23,2739166.667,경상남도,NA,NA,-17.1,2883.3,2,NA,NA,0,0,,0,0,NA
2022-00273,신청기업,(주)제이브이엠,5038131016,이용희,C.제조업(10~34),의료용품 및 기타 의약 관련제품 제조업,대구 달서구 호산동로 121(호산동),315,3083333.333,대구광역시,2.2,33.7,5.8,26.2,0.6,2.7,2.3,1,1,,1,0,2.2
2022-04907,이노비즈기업,(주)제이넷,1358185226,장기헌,F.건설업(41~42),건설업본사(소분류),경기 수원시 팔달구 중부대로223번길 4608호 (우만동),15,3008333.333,경기도,3.4,-39.2,5.7,88.5,0.7,3.9,3.2,1,0,,1,0,3.4
2022-06766,이노비즈기업,(주)일강케이스판,2208133424,김승기,F.건설업(41~42),건설업본사(소분류),서울 강남구 논현로2길 22(개포동),34,3162500,서울특별시,1,NA,1.3,120.4,1,2,1,1,1,,1,0,1
2022-08957,이노비즈기업,(주)이퓨쳐,2148647520,이기현,P.교육 서비스업(85),기타 교육기관,"서울 송파구 백제고분로 914층 (잠실동, LK 빌딩)",45,2058333.333,서울특별시,3.4,216.7,7.7,16.8,0.5,4.2,2.4,1,0,,1,0,3.4
2022-10110,메인비즈기업,(주)이큐글로벌,1268158249,김한준,"S.협회 및 단체, 수리 및 기타 개인 서비스업(94~96)",산업용 기계 및 장비 수리업,경기도 이천시 마장면 중부대로 665-10,56,3759166.667,경기도,2.7,NA,-0.4,239.7,1.5,3.3,2.7,0,0,,0,0,2.7
2022-07191,이노비즈기업,(주)이알지서비스,1398136746,한성수,"E.수도, 하수 및 폐기물 처리, 원료 재생업(36~39)","폐기물 수집, 운반업",인천 남동구 남촌동622-10 12블럭 11롯트,36,4221666.667,인천광역시,2.3,-3.3,7.6,44.4,0.4,1.7,3,1,0,,0,0,2.3
2022-05822,이노비즈기업,(주)이씨에스텔레콤,2208168054,현해남,F.건설업(41~42),건설업본사(소분류),"서울 서초구 반포대로28길 84층 (서초동, 일홍빌딩)",167,5341666.667,서울특별시,3.3,27.1,7.5,38.8,1.1,3,3.3,1,1,,0,0,3.3
2022-06349,이노비즈기업,(주)이맥스시스템,1058665715,이종욱,F.건설업(41~42),건설업본사(소분류),"서울특별시 서초구 반포대로 25(서초동, 자동차회관) 지하1층",51,2350000,서울특별시,2,-10.8,5.5,165.5,2.4,2,2.3,1,0,,0,0,2
2022-11846,메인비즈기업,(주)브이로지스틱스,1098155188,권태석,H.운수 및 창고업(49~52),기타 운송관련 서비스업,"서울 강서구 강서로 4995층 (가양동, 대하빌딩)",21,2967500,서울특별시,2,NA,1.7,111.4,2.6,1.5,2.5,1,1,,0,0,2
2022-00117,신청기업,(주)유에스티,1248720754,방민규,C.제조업(10~34),특수 목적용 기계 제조업,경기 화성시 동탄산단4길 9-16,14,2583333.333,경기도,3.6,30.9,17,76,1.1,3,3.4,0,0,,1,0,3.6
2022-00085,신청기업,(주)유니플로,1408126608,우필제,C.제조업(10~34),일반 목적용 기계 제조업,"경기 안산시 단원구 번영로82번길 21시화공단4마319 (성곡동, 동인엔지니어링)",11,2135833.333,경기도,3.7,-20.4,0.8,123.8,0.4,3,2.7,0,0,,1,0,3.7
2022-01129,인재육성형중소기업,(주)유니온,6128145527,박진규,"N.사업시설 관리, 사업 지원 및 임대 서비스업(74~76)",기타 사업지원 서비스업,경남 거제시 장평1로9길 21-4(장평동),51,4643333.333,경상남도,2.1,-62.1,0.6,170.4,0.6,2.2,2.1,1,1,,1,0,2.1
2022-00147,신청기업,(주)윌비에스엔티,1308128045,김진우,C.제조업(10~34),플라스틱제품 제조업,경기 화성시 정남면 덕절제기길 45,89,3482500,경기도,2.5,59.3,29,22.6,1.6,1.9,2.5,0,0,,1,0,2.5
2022-00163,신청기업,(주)윌링스,1348604069,안강순,C.제조업(10~34),"전동기, 발전기 및 전기 변환ㆍ 공급ㆍ제어 장치 제조업",경기 용인시 처인구 모현면 초부로54번길 7-3(경남창호시스템),95,3105500,경기도,2.5,NA,-0.6,61.7,0.7,2.2,2.9,1,1,,1,0,2.5
2022-07637,이노비즈기업,(주)윈미디텍,1058625329,강명환,F.건설업(41~42),건설업본사(소분류),"서울 영등포구 경인로 7752동 1202호 (문래동3가, 에이스하이테크시티)",37,2990000,서울특별시,2.5,243.2,5.9,94.5,1.8,2,4,1,0,,0,0,2.5
2022-10754,메인비즈기업,(주)월드크리닝,6088177826,한정남,"S.협회 및 단체, 수리 및 기타 개인 서비스업(94~96)",그 외 기타 개인 서비스업,경남 양산시 물금읍 가촌동1길 45,13,2375000,경상남도,3,-1.8,3.1,454.5,0.8,1,2,1,0,,0,0,3
2022-10999,메인비즈기업,(주)월드넷코리아,1318158391,최장희,"S.협회 및 단체, 수리 및 기타 개인 서비스업(94~96)",산업용 기계 및 장비 수리업,인천광역시 부평구 부평대로 283(청천동) 부평우림라이온스밸리 504B호 B동 5층,22,3355000,인천광역시,NA,3.5,29.2,16.2,2.3,NA,NA,1,0,,0,0,NA
2022-03928,이노비즈기업,(주)용호기계기술,4178131336,정성호,F.건설업(41~42),건설업본사(소분류),전남 여수시 여수산단로736 (중흥동),130,3156666.667,전라남도,3,-9.2,3.4,132.3,2.7,3.2,3,1,1,,1,0,3
2022-11838,메인비즈기업,(주)마레콘솔리데이션,1018608181,김연청,H.운수 및 창고업(49~52),기타 운송관련 서비스업,"서울 영등포구 양산로 53(양평동3가, 월드메르디앙비즈센터) 606호",44,2381666.667,서울특별시,1.8,-55.8,1.2,278.1,2.4,1.6,1.9,0,0,,0,0,1.8
2022-04871,이노비즈기업,(주)옥당산업,1078608990,김은영,F.건설업(41~42),건설업본사(소분류),"서울특별시 영등포구 문래북로 83(당산동2가, 제이씨 빌딩) 4층",34,3519166.667,서울특별시,4,185,17.1,4.9,3.5,3.7,4,1,1,,0,0,4
2022-11830,메인비즈기업,(주)기광,7218100580,이용해,H.운수 및 창고업(49~52),보관 및 창고업,전북 완주군 봉동읍 완주산단5로 296,131,2708333.333,전라북도,1,-88.4,0.5,362.6,1.3,2,1,1,1,,0,0,1
2022-15054,가족친화인증기업,(주)한림공원,6168103403,송상섭,"R.예술, 스포츠 및 여가관련 서비스업(90~91)","도서관, 사적지 및 유사 여가관련 서비스업",제주 제주시 한림읍 한림로 300,56,1945000,제주도,1.5,-4.9,5.9,1.1,0.2,1.5,1.3,1,1,,1,0,1.5
2022-01531,이노비즈기업,(주)오썸피아,3958100038,민문호,J.정보통신업(58~63),"자료처리, 호스팅, 포털 및 기타 인터넷 정보매개 서비스업",서울특별시 강남구 강남대로58길 33(지하1층),15,2580833.333,서울특별시,3,-39.1,10.5,152.1,0.6,3,3.5,1,0,,1,0,3
2022-00041,신청기업,(주)영완,1348186028,"고병완,김미지자",C.제조업(10~34),자동차 신품 부품 제조업,경기 시흥시 공단1대로27번길 34시화공단 1나 309 (정왕동),88,3058333.333,경기도,2,128,9.9,47.4,0.9,1.5,1,0,0,,0,0,2
2022-05794,이노비즈기업,(주)영신,1388116806,김성진,F.건설업(41~42),건설업본사(소분류),"경기도 하남시 미사강변중앙로7번안길 25(풍산동, U-테크밸리 C타워) 7층",56,NA,경기도,2.5,NA,3.1,256.3,3,3,2.5,0,0,,1,0,2.5
2022-00037,신청기업,(주)엠에스에스글로벌,3068101420,주광옥,C.제조업(10~34),기타 종이 및 판지 제품 제조업,충남 논산시 연무읍 동산산업단지로 101-110호,46,2500000,충청남도,5,-74.8,2.2,44.2,0.6,5,5,1,0,,0,0,5
2022-02747,이노비즈기업,(주)엠디아이,7638100468,김정환,F.건설업(41~42),건설업본사(소분류),"경기도 파주시 월롱면 휴암로79번길 62-72(월롱면) 가,나동",37,3831666.667,경기도,3,414.6,41.1,104.7,3.7,2.5,4,0,0,,1,0,3
2022-00809,대한민국 일자리 으뜸기업,(주)엘에스씨푸드,2178124119,정기옥 외 1명,I.숙박 및 음식점업(55~56),음식점업,서울 노원구 동일로 1021501호 (공릉동),1026,1225833.333,서울특별시,2.3,7.7,12.2,53.8,4.7,2.6,2.5,0,0,,0,0,2.3
2022-01518,이노비즈기업,(주)엔코,8458800492,홍상원,"S.협회 및 단체, 수리 및 기타 개인 서비스업(94~96)",산업용 기계 및 장비 수리업,"충청북도 청주시 흥덕구 봉명로 31(복대동, 406,412,413호)",25,2500000,충청북도,NA,38.9,12.2,178.1,2.1,NA,NA,0,0,,0,0,NA
2022-04352,이노비즈기업,(주)에코스,1428148097,"배윤호, 김광순(각자대표)",F.건설업(41~42),건설업본사(소분류),경기도 광주시 초월읍 동막골길 294(초월읍),39,3238333.333,경기도,NA,23.2,19.4,28,3.2,NA,NA,0,0,,1,0,NA
2022-03911,이노비즈기업,(주)에코리프로덕션서비스,1248678977,김은자,"E.수도, 하수 및 폐기물 처리, 원료 재생업(36~39)","폐기물 수집, 운반업",경기 오산시 서녘말길 33-16,31,2950000,경기도,2.2,375.6,9.6,56.1,2,2.8,2.6,1,1,,1,0,2.2
2022-00170,신청기업,(주)에이티에스로,1298199012,윤종욱,C.제조업(10~34),반도체 제조업,"경기도 성남시 분당구 미금일로 85(구미동, 한솔빌딩) 204호",47,2016666.667,경기도,1.7,5.6,6.8,85.8,2.4,1.8,2,0,0,,1,0,1.7
2022-00151,신청기업,(주)에이티에스,1218640832,정연희,C.제조업(10~34),일반 목적용 기계 제조업,경북 구미시 산동읍 첨단기업로 79399,84,2500000,경상북도,2.3,823.5,35.1,40.7,1.4,2,2.5,0,0,,1,0,2.3
2022-00050,신청기업,(주)에이치앤엔코퍼레이션,3178139246,"나교문,한준수",C.제조업(10~34),기타 전기장비 제조업,"충북 청주시 흥덕구 공단로 13413층 1305호 (송정동, 세중테크노밸리)",18,2655000,충청북도,3.5,57.6,10.5,272.7,1,3.5,1.5,1,0,,0,0,3.5
2022-00017,신청기업,(주)에어바이블,3178135804,박원석,C.제조업(10~34),그 외 기타 제품 제조업,충북 청주시 서원구 남이면 사동구암로 59,19,1250666.667,충청북도,4.8,NA,-3,238.6,0.8,4.8,4.3,0,0,,0,0,4.8
2022-06297,이노비즈기업,(주)에스피성보,5058152002,김현우(개명),"E.수도, 하수 및 폐기물 처리, 원료 재생업(36~39)","해체, 선별 및 원료 재생업",경북 경주시 천북면 천강로 295-11((주)지씨씨),15,3106666.667,경상북도,NA,3,5.9,376.5,1.1,NA,NA,0,0,,0,0,NA
2022-10929,메인비즈기업,(주)에스에프이노베이션,2118799462,김아름,I.숙박 및 음식점업(55~56),음식점업,서울특별시 강남구 논현로76길 27(역삼동) 2층,210,3547500,서울특별시,2,NA,-2.7,444.4,2.6,3.2,2.6,1,0,,0,0,2
2022-00049,신청기업,(주)에스에이정보기술,1108164858,김성빈,G.도매 및 소매업(45~47),종합 소매업,"서울특별시 영등포구 경인로 775(문래동3가, 에이스하이테크시티) 1동 1407호",26,2375833.333,서울특별시,3.6,17.1,4,12.6,0.8,3.2,3.4,0,0,,1,0,3.6
2022-15015,가족친화인증기업,재단법인 인천광역시 서구문화재단,3988200219,이재현,"R.예술, 스포츠 및 여가관련 서비스업(90~91)",창작 및 예술관련 서비스업,"인천광역시 서구 염곡로464번길 15(가정동, 7층 쓰리엠타워)",41,2122500,인천광역시,2.2,NA,NA,NA,1,3.5,2.2,1,1,,0,0,2.2
2022-00332,신청기업,(주)에듀서브,1238615116,손영희,J.정보통신업(58~63),"자료처리, 호스팅, 포털 및 기타 인터넷 정보매개 서비스업","서울특별시 구로구 디지털로 243(구로동, 지하이시티) 1808호",25,2952500,서울특별시,3,NA,-10.9,285.8,8.2,3.5,3.1,0,0,,1,0,3
2022-00309,신청기업,(주)어퓨마케팅서비스,2618113899,이형민,"N.사업시설 관리, 사업 지원 및 임대 서비스업(74~76)",기타 사업지원 서비스업,"서울 강남구 언주로136길 Y 11(논현동, 성현빌딩)4층",12,2000000,서울특별시,NA,NA,-27.7,62.5,0.8,NA,NA,1,0,,0,0,NA
2022-15062,가족친화인증기업,아시아드컨트리클럽(주),6078137364,김도형,"R.예술, 스포츠 및 여가관련 서비스업(90~91)",스포츠 서비스업,부산광역시 기장군 일광면 차양길 26(일광면),32,3089166.667,부산광역시,3,6.8,1.5,187.9,0.1,1,1,0,0,,0,0,3
2022-04335,이노비즈기업,(주)양일엔프라,1398134942,장나교,"E.수도, 하수 및 폐기물 처리, 원료 재생업(36~39)","해체, 선별 및 원료 재생업",인천 남동구 남동동로93번길 44141BL-12LT (고잔동),31,2842500,인천광역시,1,44.5,4.1,102.7,1.2,2.5,1,1,0,,1,0,1
2022-03894,이노비즈기업,(주)얌샘,1078681841,김은광,I.숙박 및 음식점업(55~56),음식점업,"서울 영등포구 영등포로 3479층 (신길동, 한독타워)",137,2433333.333,서울특별시,2.4,NA,4,733.8,1.9,3.6,2.3,1,0,,0,0,2.4
2022-00067,신청기업,(주)앤비젼,1058652618,김덕표,C.제조업(10~34),절연선 및 케이블 제조업,"서울 금천구 가산디지털2로 981동 603호 (가산동, 아이티캐슬)",66,6204166.667,서울특별시,4.3,126.5,1.9,46.4,1.3,3.9,3.4,0,0,,1,0,4.3
2022-15054,가족친화인증기업,(주)한림공원,6168103403,송상섭,"R.예술, 스포츠 및 여가관련 서비스업(90~91)","도서관, 사적지 및 유사 여가관련 서비스업",제주 제주시 한림읍 한림로 300,56,1945000,제주도,1.5,-4.9,5.9,1.1,0.2,1.5,1.3,1,1,,1,0,1.5
2022-05761,이노비즈기업,(주)아이티윈,6038163797,곽영호,"S.협회 및 단체, 수리 및 기타 개인 서비스업(94~96)",컴퓨터 및 통신장비 수리업,부산 서구 보수대로 111동아빌딩 4층 (부용동1가),33,2000000,부산광역시,2.7,-1.7,8.2,99.3,3.5,1.9,2.9,1,1,,1,0,2.7
2022-00001,신청기업,(주)씨큐프라임,1138628948,이승열,C.제조업(10~34),통신 및 방송 장비 제조업,"서울특별시 금천구 가산디지털2로 70(가산동, 대륭테크노타운19차) 2014호",23,3171666.667,서울특별시,NA,4.5,1.9,230.8,0.9,NA,NA,1,0,,0,0,NA
2022-00197,신청기업,(주)씨에스아이엔테크,1308607332,김남성,C.제조업(10~34),전자부품 제조업,경기 부천시 옥산로 234(도당동),95,2795083.333,경기도,1.8,47.3,6.6,296.5,1.5,2.1,2,0,0,,1,0,1.8
2022-00090,신청기업,(주)썬테크,4168114765,이선휴,C.제조업(10~34),"전동기, 발전기 및 전기 변환ㆍ 공급ㆍ제어 장치 제조업",전남 순천시 해룡면 율촌산단4로 101,31,3365000,전라남도,1.7,223.6,3.3,247,1.3,1.6,1.7,0,0,,1,0,1.7
2022-02201,이노비즈기업,(주)신정개발,4178134560,김만식,"N.사업시설 관리, 사업 지원 및 임대 서비스업(74~76)",건물ㆍ산업설비 청소 및 방제 서비스업,전남 여수시 봉계2길 27(봉계동),23,3000000,전라남도,NA,-31,12.7,20,1.1,NA,NA,0,0,,1,0,NA
2022-07128,이노비즈기업,(주)신일에너지,4098110494,김희창,"D.전기, 가스, 증기 및 공기 조절 공급업(35)",연료용 가스 제조 및 배관공급업,전남 담양군 무정면 무정로 593(신일에너지),32,2484166.667,전라남도,NA,-98.5,0.1,152.3,0.9,NA,NA,0,0,,0,0,NA
2022-10572,메인비즈기업,(주)신아에이치에스,4128101900,정현석,B.광업(05~08),토사석 광업,전라남도 화순군 춘양면 (춘양면) 가봉리산 44번지,38,3630833.333,전라남도,NA,-38.5,4.1,64.9,0.6,NA,NA,1,1,,1,0,NA
2022-00007,신청기업,(주)신신엠앤씨,5048184781,황상필,G.도매 및 소매업(45~47),기타 전문 도매업,대구광역시 북구 침산남로9길 20(침산동) 4층,42,2050000,대구광역시,4,30,11.2,145.6,1.1,4,3,1,0,,0,0,4
2022-00670,신청기업,(주)신광티앤이,2068183592,이일환,F.건설업(41~42),건설업본사(소분류),서울 강서구 허준로 217204호 (가양동),93,2166666.667,서울특별시,NA,-95.4,0.6,64.7,1.4,NA,NA,0,0,,0,0,NA
2022-02197,이노비즈기업,(주)시티캅,6178152343,정현돈,"N.사업시설 관리, 사업 지원 및 임대 서비스업(74~76)","경비, 경호 및 탐정업",부산 남구 자성로 152한일오피스텔３층 (문현동),57,2533333.333,부산광역시,2.1,140,3.9,297.6,1.3,2.3,2.3,1,0,,1,0,2.1
2022-04301,이노비즈기업,(주)승진유공압테크,4168126179,김승국,"S.협회 및 단체, 수리 및 기타 개인 서비스업(94~96)",산업용 기계 및 장비 수리업,전라남도 여수시 율촌면 율촌산단2로 203-103(율촌면),15,2500000,전라남도,NA,11.6,2.6,106.2,1,NA,NA,0,0,,1,0,NA
2022-06273,이노비즈기업,(주)스마트비전,2158637817,김동철,F.건설업(41~42),건설업본사(소분류),경기 하남시 조정대로 150아이데코 8층 845호 (덕풍동),236,1833333.333,경기도,2.8,NA,14.6,89.7,1.4,2.8,2.1,0,0,,1,0,2.8
2022-00082,신청기업,(주)솔비텍,2158748887,김대섭,G.도매 및 소매업(45~47),가전제품 및 정보통신장비 소매업,서울 강남구 테헤란로5길 315층 (역삼동),17,1833333.333,서울특별시,2.8,-28.6,2.4,163,1.6,2.5,2.7,1,0,,0,0,2.8
2022-00263,신청기업,(주)센서시스템기술,1348140250,김영보,C.제조업(10~34),전자부품 제조업,경기 안산시 단원구 능안로 81안산디지털파크 5층 5010호 (신길동),37,2505166.667,경기도,2.5,277.3,13.7,66.6,1.5,2,1,0,0,,1,0,2.5
2022-04292,이노비즈기업,(주)세진엔지니어링,4128123898,박찬갑,F.건설업(41~42),건설업본사(소분류),전남 영암군 덕진면 향월유수동길 101-8,56,2000000,전라남도,2.4,59.9,21.3,33.6,2.6,2.1,3.7,1,1,,0,0,2.4
2022-00230,신청기업,(주)세인씨앤씨,2148620797,조정화,G.도매 및 소매업(45~47),기계장비 및 관련 물품 도매업,서울특별시 영등포구 선유로 130(양평동3가) 에이스하이테크시티 3차 704호,56,2000000,서울특별시,3.1,-48.9,6.4,22,1.7,2.6,2,0,0,,0,0,3.1
2022-00060,신청기업,(주)세림티앤디,3128142708,김창동,C.제조업(10~34),기타 전기장비 제조업,충남 천안시 동남구 병천면 충절로 1946,31,2500000,충청남도,3,32,3.8,284.1,0.9,3,4,1,0,,1,0,3
2022-04286,이노비즈기업,(주)성지기공,1398107125,이호석,F.건설업(41~42),건설업본사(소분류),인천광역시 남동구 선수촌공원로17번길 13층 307호 (테크노밸리A동),45,1912500,인천광역시,1.7,16.5,12,33.6,2.8,2,1.7,1,1,,1,0,1.7
2022-00843,대한민국 일자리 으뜸기업,(주)성일정보,5158128703,배창용,F.건설업(41~42),건설업본사(소분류),대구 북구 매전로 46-92(태전동),52,NA,대구광역시,NA,-2.9,3.9,59.5,5.1,NA,NA,1,1,,0,0,NA
2022-15015,가족친화인증기업,재단법인 인천광역시 서구문화재단,3988200219,이재현,"R.예술, 스포츠 및 여가관련 서비스업(90~91)",창작 및 예술관련 서비스업,"인천광역시 서구 염곡로464번길 15(가정동, 7층 쓰리엠타워)",41,2122500,인천광역시,2.4,NA,NA,NA,1,3.6,2.2,1,1,,1,0,2.4
2022-10521,메인비즈기업,(주)설악안전서비스,2278105860,박병준,L.부동산업(68),부동산 관련 서비스업,강원 속초시 미시령로3359번길 9(교동)현대1차아파트관리사무소,219,2500000,강원도,NA,-81.3,0.6,56.5,6.9,NA,NA,0,0,,1,0,NA
2022-00018,신청기업,(주)선우시스,1378134529,박기영,F.건설업(41~42),건설업본사(소분류),경기 김포시 대곶면 대곶북로305번길 42-30,64,2208333.333,경기도,1.9,20.5,0.3,237.3,1.7,2.5,2.2,0,0,,0,0,1.9
2022-14803,가족친화인증기업,재단법인 의정부시청소년재단,5688200083,안병용,P.교육 서비스업(85),기타 교육기관,경기도 의정부시 의정로 27(의정부동),NA,2391666.667,경기도,3,128.8,26.5,53.1,2.7,2.7,3,1,0,,1,0,3
2022-04279,이노비즈기업,(주)서호산전,4168158915,김승호,"S.협회 및 단체, 수리 및 기타 개인 서비스업(94~96)",산업용 기계 및 장비 수리업,전남 광양시 도촌길 13-9(광영동),15,4235833.333,전라남도,2.3,17.4,8.4,35.3,1.3,1.3,2.7,1,1,,0,0,2.3
2022-06256,이노비즈기업,(주)서원양행,1308144875,이광,F.건설업(41~42),건설업본사(소분류),경기 부천시 부천로198번길 17(춘의동),122,2083333.333,경기도,2.1,-83.3,0.2,110.2,1.4,3.1,1.8,0,0,,0,0,2.1
2022-03108,이노비즈기업,(주)서우건설산업,1198116692,이종근,F.건설업(41~42),건설업본사(소분류),서울 금천구 시흥대로63길 60(시흥동),74,2635833.333,서울특별시,2.8,27.3,9.7,23.9,0.7,4.2,2.8,0,0,,1,0,2.8
2022-01426,이노비즈기업,(주)상원엔텍,5038165613,김정숙,"E.수도, 하수 및 폐기물 처리, 원료 재생업(36~39)",폐기물 처리업,경남 합천군 율곡면 황강옥전로 292-3,27,2945000,경상남도,1,-23.3,27.2,20.2,1,1,2,0,0,,1,0,1
2022-00863,노사문화우수기업,(주)삼우에프앤지,1248131846,송만우,H.운수 및 창고업(49~52),기타 운송관련 서비스업,경기 용인시 수지구 손곡로 29(동천동),313,1666666.667,경기도,3.1,-3.5,7.9,143.8,1,2.6,3,0,0,,1,0,3.1
2022-14748,가족친화인증기업,(주)고려아카데미컨설팅,1058615194,임용균,P.교육 서비스업(85),기타 교육기관,서울 금천구 디지털로9길 32갑을그레이트밸리 B동 17층 (가산동),80,2321000,서울특별시,3,-26.8,4.2,10,1.8,3,3,0,0,,1,0,3
2022-00830,대한민국 일자리 으뜸기업,(주)빌컴,2018184994,지창옥,"N.사업시설 관리, 사업 지원 및 임대 서비스업(74~76)","사업시설 유지,관리 서비스업",서울 중구 퇴계로 2025층 (필동2가),418,2083333.333,서울특별시,2.6,-15.9,23.8,53.2,11.9,2.5,2.1,0,0,,0,0,2.6
2022-00198,신청기업,(주)빅드림,2098122027,"여권연, 최은영",G.도매 및 소매업(45~47),기타 전문 도매업,경기 용인시 처인구 모현읍 왕림로 166-46166-46,4,2200000,경기도,3.5,-89.3,1.5,286.7,1.6,3.8,3.5,1,1,,1,0,3.5
2022-00167,신청기업,(주)비체 코스메틱,6168611233,이선애,G.도매 및 소매업(45~47),기타 상품 전문 소매업,"제주특별자치도 제주시 첨단로213-3(영평동, 스마트빌딩) 411호",15,2250000,제주도,1,3028.2,4,196.2,0.6,1,1,0,0,,1,0,1
2022-05243,이노비즈기업,(주)비엠아이티,1148679872,김석기,"S.협회 및 단체, 수리 및 기타 개인 서비스업(94~96)",산업용 기계 및 장비 수리업,"서울특별시 구로구 디지털로 272(구로동) 1001호, 1002호",26,2500000,서울특별시,3,-38.7,5.8,20.3,0.7,4,3,0,0,,0,0,3
2022-11667,메인비즈기업,(주)브로스핏,1198687305,김주연,"R.예술, 스포츠 및 여가관련 서비스업(90~91)",스포츠 서비스업,"서울특별시 관악구 남부순환로 1926(봉천동, 경동제약빌딩 지하2층)",17,2333333.333,서울특별시,2.3,-75.3,3.5,149.9,2.4,3,2.7,1,1,,1,0,2.3
2022-10552,메인비즈기업,(주)부산부기산업,6038182611,이희호,"S.협회 및 단체, 수리 및 기타 개인 서비스업(94~96)",자동차 및 모터사이클 수리업,부산 사하구 하신중앙로 107(신평동),12,2000000,부산광역시,NA,-71.3,1,292.1,1.1,NA,NA,1,1,,0,0,NA
2022-10844,메인비즈기업,(주)베이넥스,1078671299,연광흠,"S.협회 및 단체, 수리 및 기타 개인 서비스업(94~96)",컴퓨터 및 통신장비 수리업,"서울특별시 영등포구 당산로41길 11(당산동4가, 당산SK VI센터 W1209~1212)",102,1833333.333,서울특별시,2.7,-18.7,2.4,315.9,2.6,2.5,2.9,0,0,,1,0,2.7
2022-00188,신청기업,(주)베스트카본,1348643188,정래훈,C.제조업(10~34),"전동기, 발전기 및 전기 변환ㆍ 공급ㆍ제어 장치 제조업","경기 시흥시 경기과기대로 113(정왕동, 시화공단 3라726호)",21,2500000,경기도,NA,-79.1,1.9,54.3,0.3,NA,NA,1,1,,0,0,NA
2022-09792,메인비즈기업,(주)무등자원,4088123389,"송정덕, 신승민","E.수도, 하수 및 폐기물 처리, 원료 재생업(36~39)","해체, 선별 및 원료 재생업",광주 북구 동배들길 33(동림동),22,2925000,광주광역시,1,-67.2,2.2,142.4,2,1,1,1,1,,0,0,1
2022-00173,신청기업,(주)멘퍼스,7238100096,조석,C.제조업(10~34),가구 제조업,광주 광산구 평동산단로 239-10(옥동),26,2100000,광주광역시,NA,-51.8,1.6,399.7,0.7,NA,NA,0,0,,1,0,NA
2022-10907,메인비즈기업,(주)만해금속,1248636021,이훈,"E.수도, 하수 및 폐기물 처리, 원료 재생업(36~39)","해체, 선별 및 원료 재생업",경기 화성시 향남읍 서봉로 715-15,19,3409166.667,경기도,NA,340,19.7,157.4,3.4,NA,NA,1,1,,0,0,NA
2022-00121,신청기업,(주)마크로밀엠브레인,1058198720,최인수,"M.전문, 과학 및 기술 서비스업(70~73)",시장조사 및 여론조사업,서울 강남구 강남대로318 (역삼동),248,2334166.667,서울특별시,3.1,28.5,10.6,38.3,1.1,2.1,3.3,0,0,,1,0,3.1
2022-00131,신청기업,(주)마스터피스,1278604682,오희택,G.도매 및 소매업(45~47),"섬유, 의복, 신발 및 가죽제품 소매업",경기 용인시 수지구 수지로 77401호~402호 (상현동),86,1416666.667,경기도,5,-59.1,2.4,80,0.5,2,5,1,0,,0,0,5
2022-07515,이노비즈기업,(주)링크일렉트로닉스,1058674534,김영수,"S.협회 및 단체, 수리 및 기타 개인 서비스업(94~96)",그 외 기타 개인 서비스업,"경기 안양시 동안구 벌말로118번길16 (관양동,한국산업) 3층",37,2000000,경기도,1,-21.9,2.2,328.4,1.7,1,1.7,1,1,,1,0,1
2022-02683,이노비즈기업,(주)리파인,1208640033,"이창섭, 이길재",L.부동산업(68),부동산 관련 서비스업,서울 강남구 테헤란로 625덕명빌딩 4층 (삼성동),223,3135833.333,서울특별시,2.5,5.2,17.1,9.1,0.6,2.4,2.4,1,0,,0,0,2.5
2022-11423,메인비즈기업,(주)르노삼성자동차남부산정비사업소,6178156150,고광현,"S.협회 및 단체, 수리 및 기타 개인 서비스업(94~96)",자동차 및 모터사이클 수리업,부산 수영구 수영로 624외 2필지 (광안동),42,3152500,부산광역시,NA,-42.6,0.9,135.2,2.2,NA,NA,0,0,,1,0,NA
2022-12718,메인비즈기업,(주)루크러닝,1448119415,이정민,P.교육 서비스업(85),교육지원 서비스업,"서울특별시 송파구 송파대로 201(에이동 309,310호)",13,2083333.333,서울특별시,1,352,295.6,57.5,7.4,2,1,0,0,,0,0,1
2022-14562,가족친화인증기업,재단법인 부산여성가족개발원,6078209507,성향숙,P.교육 서비스업(85),기타 교육기관,부산 북구 효열로 256(금곡동),65,2500000,부산광역시,2.9,NA,-11.4,17.9,2.7,3.6,2,0,0,,1,0,2.9
2022-04241,이노비즈기업,(주)디자인본오,1058719881,심한주,F.건설업(41~42),건설업본사(소분류),서울 마포구 토정로 35-12층 (합정동),41,2427500,서울특별시,2.5,-76.9,3.7,28.8,2.6,2,2.5,1,1,,1,0,2.5
2022-00509,신청기업,(주)디앤씨컴퍼니,8078700116,최은서,"N.사업시설 관리, 사업 지원 및 임대 서비스업(74~76)",기타 사업지원 서비스업,대전광역시 동구 선화로 187(삼성동) 3층,51,2000000,대전광역시,2.9,75.1,16.1,281.9,1,2.4,3.7,1,0,,0,0,2.9
2022-00177,신청기업,(주)드림팩트,2108169250,이종화,G.도매 및 소매업(45~47),음ㆍ식료품 및 담배 도매업,경기도 의정부시 신흥로232번길 5-8(의정부동) 4층,24,2418333.333,경기도,2.5,17.2,9,180.5,4.6,2.5,3,0,0,,0,0,2.5
2022-00231,신청기업,(주)드림메카텍,1438104618,곽상원,C.제조업(10~34),특수 목적용 기계 제조업,경기도 화성시 정남면 정남산단로 41,92,2015083.333,경기도,3,NA,2.5,308.9,0.7,2.2,3,0,0,,1,0,3
2022-11365,메인비즈기업,(주)드림라이프,4168157876,정균일,K.금융 및 보험업(64~66),보험 및 연금관련 서비스업,광주 서구 상무번영로 575층 (치평동),27,3000000,광주광역시,2,64.7,9.3,104.5,10.2,2,2,0,0,,0,0,2
2022-00070,신청기업,(주)동진티아이,1318182760,이상원,C.제조업(10~34),전자부품 제조업,인천 남동구 능허대로625번길 18-32남동공단 138BL-6L (고잔동),57,2259166.667,인천광역시,3.1,2,4.7,109.3,1.2,2.6,2.4,1,0,,0,0,3.1
2022-01359,이노비즈기업,(주)동양환경,3068115434,모종면,"E.수도, 하수 및 폐기물 처리, 원료 재생업(36~39)","폐기물 수집, 운반업",대전 대덕구 문평동로48번길 125(문평동),86,3059166.667,대전광역시,2.7,NA,-13.2,114.3,0.5,3,3.3,0,0,,0,0,2.7
2022-10759,메인비즈기업,(주)동양펄프,1328616889,정영철,"E.수도, 하수 및 폐기물 처리, 원료 재생업(36~39)","해체, 선별 및 원료 재생업",경기 구리시 사노동305번지,10,3435000,경기도,NA,NA,-3.1,105.5,2.4,NA,NA,0,0,,1,0,NA
2022-15021,가족친화인증기업,주식회사 티엠디교육그룹,2118796577,고봉익,P.교육 서비스업(85),교육지원 서비스업,"서울 서초구 서초중앙로8길 26(서초동, Unoffice 2)",65,2127500,서울특별시,3,NA,-37.9,13092.1,1.6,2.2,2.5,0,0,,0,0,3
2022-00136,신청기업,(주)동구바이오제약,1138103336,조용준,C.제조업(10~34),의약품 제조업,서울특별시 송파구 법원로 114B동 14층,333,3098333.333,서울특별시,2.6,2,6.3,53.7,1,2.9,2.5,1,0,,0,0,2.6
2022-14562,가족친화인증기업,재단법인 부산여성가족개발원,6078209507,성향숙,P.교육 서비스업(85),기타 교육기관,부산 북구 효열로 256(금곡동),13,2500000,부산광역시,2.9,NA,-11.4,17.9,2.7,3.6,2,1,1,,0,0,2.9
2022-00199,신청기업,(주)더채움,1288708539,권영기,C.제조업(10~34),기타 식품 제조업,경기 고양시 일산동구 장진천길46번길 89-19(설문동),25,2500000,경기도,NA,224,16.7,197.1,1.3,NA,NA,1,0,,1,0,NA
2022-00109,신청기업,(주)더존시스템,1378184897,당준상,G.도매 및 소매업(45~47),기계장비 및 관련 물품 도매업,경기도 김포시 하성면 봉성로 210-9(하성면),12,2653333.333,경기도,1.3,-6.9,10,106.6,0.8,3,2.5,1,1,,1,0,1.3
2022-05669,이노비즈기업,(주)대흥엠앤티,1358130283,한재현,"E.수도, 하수 및 폐기물 처리, 원료 재생업(36~39)","해체, 선별 및 원료 재생업",경기 용인시 처인구 이동읍 서리로 129(대흥엠앤티),36,3269166.667,경기도,1,135,17.6,104.1,2.4,5,5,0,0,,0,0,1
2022-14748,가족친화인증기업,(주)고려아카데미컨설팅,1058615194,임용균,P.교육 서비스업(85),기타 교육기관,서울 금천구 디지털로9길 32갑을그레이트밸리 B동 17층 (가산동),73,2321000,서울특별시,3,-26.8,4.2,10,1.8,3,3,0,0,,0,0,3
2022-03073,이노비즈기업,(주)대현엔지니어링,3028106461,김구열,F.건설업(41~42),건설업본사(소분류),"서울특별시 송파구 송파대로 201(문정동, 송파테라타워2 제비동 제15층 제비-1522호)",38,4085833.333,서울특별시,1,-34.8,7.3,56.4,2.5,1,1.5,0,0,,1,0,1
2022-06193,이노비즈기업,(주)대한이앤씨,2198125701,박주경,F.건설업(41~42),건설업본사(소분류),경기도 성남시 수정구 위례서일로 64층 (우대빌딩),38,4722500,경기도,4,-45.9,2.5,2.5,2.5,4,4,1,0,,0,0,4
2022-04746,이노비즈기업,(주)대륜엘리스,1148679004,이기랑,F.건설업(41~42),건설업본사(소분류),"서울특별시 금천구 디지털로 130(가산동, 남성프라자) 712호",82,3043333.333,서울특별시,2,6.9,7.6,142.1,1.6,1,2,0,0,,1,0,2
2022-00165,신청기업,(주)대곤코퍼레이션,1168144170,이재형,C.제조업(10~34),"전동기, 발전기 및 전기 변환ㆍ 공급ㆍ제어 장치 제조업","서울 구로구 디지털로 285(구로동, 에이스트윈타워1차 12층 1201호)",133,2774833.333,서울특별시,2.8,115.4,7.2,36.5,1.5,2.9,2.4,1,0,,1,0,2.8
2022-07474,이노비즈기업,(주)단성,1358102055,김천호,F.건설업(41~42),건설업본사(소분류),경기 수원시 권선구 산업로 101수원첨단산업단지 (고색동),50,2194166.667,경기도,2,190.2,3.2,48.2,1.7,3,4,1,0,,1,0,2
2022-01022,인재육성형중소기업,(주)다온링크,2208891990,한상민,K.금융 및 보험업(64~66),금융 지원 서비스업,"서울특별시 관악구 보라매로5가길 74층 413호 (봉천동,캐릭터그린빌)",23,4393333.333,서울특별시,4,134.1,28.9,43.4,3.6,3.5,4,1,1,,0,0,4
2022-00129,신청기업,(주)누비콤,2208672761,신동만,G.도매 및 소매업(45~47),기계장비 및 관련 물품 도매업,서울특별시 영등포구 경인로 7753동 2층 201호 (에이스하이테크시티),62,4046666.667,서울특별시,3.2,113,3.8,173.5,1.3,3.1,2.7,0,0,,0,0,3.2
2022-05179,이노비즈기업,(주)누리일렉콤,4098131960,김용권,F.건설업(41~42),건설업본사(소분류),광주 북구 지산마을길 13(생용동),42,2871666.667,광주광역시,NA,30.1,1.5,40.4,0.7,NA,NA,0,0,,1,0,NA
2022-09988,메인비즈기업,(주)녹색환경산업,4178115068,조동환,"E.수도, 하수 및 폐기물 처리, 원료 재생업(36~39)",폐기물 처리업,전라남도 여수시 소라면 봉두로 61,21,2500000,전라남도,NA,-18.3,15.3,76.5,1.3,NA,NA,0,0,,1,0,NA
2022-00152,신청기업,(주)나인텍,1298136166,"윤화균, 이주흥",C.제조업(10~34),특수 목적용 기계 제조업,"경기도 안산시 단원구 번영로82번길 29(성곡동, 안산스마트허브, 4마413)",50,3058333.333,경기도,2,21.8,2.2,130.6,1,1.5,2,1,1,,0,0,2
2022-15001,가족친화인증기업,재단법인 한국종합경제연구원,1128206166,권형남,"S.협회 및 단체, 수리 및 기타 개인 서비스업(94~96)",산업 및 전문가 단체,"경기도 광명시 하안로 60(E동, 418-1호(소하동, 광명테크노파크))",66,1728333.333,경기도,2.6,NA,1.2,397.6,0.6,3.1,2.2,0,0,,0,0,2.6
2022-07039,이노비즈기업,(주)길교이앤씨,1198176216,박정호,F.건설업(41~42),건설업본사(소분류),경상북도 포항시 남구 철강로 306,36,3806666.667,경상북도,4.5,-89.7,2.1,29.5,0.8,4,4.5,0,0,,0,0,4.5
2022-08013,이노비즈기업,(주)금산산업,2258112540,이상훈,B.광업(05~08),토사석 광업,강원 평창군 평창읍 노론리산 40-1번지,14,2610833.333,강원도,NA,-76.9,0.7,120.8,0.4,NA,NA,0,0,,1,0,NA
2022-14811,가족친화인증기업,(주)평화누리,8138801058,박상수,"S.협회 및 단체, 수리 및 기타 개인 서비스업(94~96)",그 외 기타 개인 서비스업,"서울 서초구 반포대로 22(서초동, 서초평화빌딩)",123,3720000,서울특별시,NA,95,2,663.4,0.3,NA,NA,1,1,,0,0,NA
2022-03806,이노비즈기업,(주)광운정보,3158133912,이강석,F.건설업(41~42),건설업본사(소분류),충청북도 청주시 흥덕구 1순환로594번길 48(봉명동),41,3247500,충청북도,NA,277,4,9,0.9,NA,NA,0,0,,1,0,NA
2022-00655,신청기업,(주)공진,1238146502,"윤규중, 윤지우","E.수도, 하수 및 폐기물 처리, 원료 재생업(36~39)","해체, 선별 및 원료 재생업",경기 군포시 당정로 10(당정동),55,2276666.667,경기도,2.7,53.8,11.4,10.6,1,3.3,2.4,1,0,,1,0,2.7
2022-00033,신청기업,(주)골든블루,6218154923,김동욱,C.제조업(10~34),알코올음료 제조업,부산 기장군 정관읍 농공길 89-2((주)천년약속),255,2500000,부산광역시,2.3,-12,11.1,41,1.1,2.2,2.6,0,0,,0,0,2.3
2022-02651,이노비즈기업,(주)고바이오랩,1198692996,"고광표, 박철원","N.사업시설 관리, 사업 지원 및 임대 서비스업(74~76)",기타 사업지원 서비스업,"서울특별시 관악구 관악로1(신림동, 서울대학교생명공학공동연구원) 220동630호",48,3333333.333,서울특별시,2.5,NA,-22.4,14.7,NA,2.9,2.3,0,0,,1,0,2.5
2022-00112,신청기업,(주)경문엔터테인먼트,1098604160,송종운,G.도매 및 소매업(45~47),생활용품 도매업,"경기도 부천시 삼작로164번길 38,2층 (내동)",16,2100000,경기도,3.5,12,11,134.4,3.7,3.5,3,0,0,,0,0,3.5
2022-12467,메인비즈기업,(주)강남캐피탈대부,2208151816,지흥진,K.금융 및 보험업(64~66),기타 금융업,서울 강남구 테헤란로 111(역삼동) 대건빌딩 6층 602호,14,3855833.333,서울특별시,1.5,-18.6,2.5,216.4,NA,2.5,1,1,1,,1,0,1.5
2022-00124,신청기업,(주)가온테크,1378614251,송길섭,C.제조업(10~34),일반 목적용 기계 제조업,경기도 김포시 양촌읍 황금로127번길 135(양촌읍),24,2888333.333,경기도,2.3,13.5,1.8,618.6,0.5,2.3,2,0,0,,0,0,2.3
2022-10778,메인비즈기업,(주)가람티엠에스,6098180964,김정숙,L.부동산업(68),부동산 관련 서비스업,"경상남도 김해시 월산로 111-67501호 (부곡동, 신하프라자)",50,2090000,경상남도,NA,-30.6,9.1,8.3,3.7,NA,NA,0,0,,0,0,NA
2022-00094,신청기업,(주)TSR,5138102008,"류한광, 이준엽",C.제조업(10~34),고무제품 제조업,경북 구미시 수출대로7길 11(공단동),157,2895333.333,경상북도,2.6,-24.2,3.5,147.3,1,2.5,2.8,1,0,,0,0,2.6
2022-00061,신청기업,(주) 파커스 인터내셔널,1288606887,박의철/박인철,G.도매 및 소매업(45~47),상품 종합 도매업,"서울특별시 강서구 강서로 466,703,704호 (등촌동, 우리벤처타운)",10,2792500,서울특별시,4.5,319.6,25.9,74.1,2.4,5,3,0,0,,1,0,4.5
2022-07024,이노비즈기업,(주) 알루이엔씨,1348168452,홍성철,F.건설업(41~42),건설업본사(소분류),서울 송파구 백제고분로9길 10빌딩 5층 (잠실동),72,2745000,서울특별시,2.5,-1.4,4.1,101,2.4,2.8,2.5,1,1,,1,0,2.5
2022-10413,메인비즈기업,(주) 봉황,3168115275,이봉춘,"S.협회 및 단체, 수리 및 기타 개인 서비스업(94~96)",자동차 및 모터사이클 수리업,충남 서산시 대산읍 독곶리452-5번지,12,4626666.667,충청남도,NA,2147.2,3.7,195.5,1.7,NA,NA,1,1,,0,0,NA
2022-14989,가족친화인증기업,(재)전라남도정보문화산업진흥원,4118210121,이준근,"R.예술, 스포츠 및 여가관련 서비스업(90~91)",창작 및 예술관련 서비스업,전라남도 나주시 빛가람로 7772층 (전남실감미디어산업지원센터),45,2500000,전라남도,3,-58.3,0.9,695.4,0.1,3,2.5,1,0,,0,0,3
2022-10116,메인비즈기업,(유한)대신종합개발,4118109331,김광희,L.부동산업(68),부동산 관련 서비스업,전라남도 무안군 삼향읍 남악로 234(삼향읍) 트리폴리앙프라자 A동 4층 410호,258,876666.6667,전라남도,NA,-31,1.5,80.7,0.9,NA,NA,0,0,,1,0,NA
2022-10641,메인비즈기업,(유)은광산업개발,4048114383,전형기,B.광업(05~08),토사석 광업,전북 고창군 부안면 검산리산 75번지,18,3693333.333,전라북도,NA,-74.6,1.8,147.3,0.7,NA,NA,0,0,,1,0,NA
2022-14240,사회적기업,(유)열린사회서비스센터,2248142129,백명화,Q.보건업 및 사회복지 서비스업(86~87),비거주 복지시설 운영업,강원 횡성군 횡성읍 어사매로 41,64,NA,전라북도,NA,58.4,23.5,111.1,2.8,NA,NA,1,1,,0,0,NA
2022-14488,사회적기업,석광산업 ㈜,2258115488,박종찬,"S.협회 및 단체, 수리 및 기타 개인 서비스업(94~96)",그 외 기타 개인 서비스업,강원도 정선군 고한읍 고한로 1912동 2층,236,2677500,강원도,1,-68.3,0.1,2464.1,2.2,4,2,1,0,,1,0,1
2022-10443,메인비즈기업,(유)성원엘리베이터,4028186315,"남미현,양해정","S.협회 및 단체, 수리 및 기타 개인 서비스업(94~96)",산업용 기계 및 장비 수리업,전라북도 전주시 덕진구 신흥안길 52,28,2615000,전라북도,1,28.7,11.3,79.5,2.4,1,1,1,0,,1,0,1
2022-10796,메인비즈기업,(유)삼려환경,4178116112,장정근,"E.수도, 하수 및 폐기물 처리, 원료 재생업(36~39)","폐기물 수집, 운반업",전남 여수시 소라면 의곡길 115,20,3024166.667,전라남도,NA,-39.1,7.8,31.7,0.6,NA,NA,1,1,,1,0,NA
2022-14248,사회적기업,(유)나눔,2268138000,권순란,Q.보건업 및 사회복지 서비스업(86~87),비거주 복지시설 운영업,강원도 강릉시 하평5길 9-0(포남동) 1층,NA,NA,강원도,NA,NA,5.4,35.7,3.8,NA,NA,1,1,,0,0,NA
2022-14456,사회적기업,(사) 대한생활체육지도자연합회,1108212075,이종덕,"R.예술, 스포츠 및 여가관련 서비스업(90~91)",스포츠 서비스업,서울 서대문구 홍은중앙로 13B1층 (홍은동),33,2500000,서울특별시,NA,NA,-11.3,145.4,0.9,NA,NA,1,0,,1,0,NA
